id,A
0,7.825531778138385e-08
1,-9.91546863282622e-07
2,-5.195553161030375e-07
3,-5.053578755465082e-07
4,0.0534830885389929
5,-11.318126087466323
6,0.3780220367418563
7,-0.734024958021549
8,-10.243127911363956
9,-4.002427433659708
10,25.65308872172711
11,9.764077111196269
12,43.06620446582003
13,81.44711923996518
14,151.17165396041295
15,141.73878375276288
16,300.17022812339127
17,406.3731754344617
18,514.7742603180891
19,623.1037980716166
20,819.1497308929268
21,1059.601377884016
22,1195.2331501456958
23,1557.9924888161338
24,1845.5624815857411
25,1892.666551903388
26,2128.374089492252
27,2284.3943848614904
28,2581.758524244563
29,2529.665555580928
30,2974.832271482516
31,3212.157155262535
32,3214.3754945939318
33,3451.5305817832577
34,3193.707234530304
35,3329.55803295097
36,3238.840132890773
37,3501.3144767740905
38,3456.7884969078486
39,3404.1594284392518
40,3368.090935910177
41,3175.402297935815
42,3091.8359227518717
43,3142.82114062764
44,2856.221568730545
45,2731.8189633859884
46,2514.884057265128
47,2188.470215032399
48,2066.3041574669783
49,2079.109812802304
50,2088.7765074213607
51,1948.118826787175
52,1887.625427953859
53,1800.4079298443874
54,1750.804900033029
55,2140.637755821559
56,2021.0333326533648
57,1953.2111550352377
58,2031.7687338731064
59,1522.59385424758
60,1336.1621570498492
61,1192.4344649355075
62,1129.1163475464768
63,1112.3242361762454
64,740.2226778117144
65,764.4721771676839
66,872.2284917868028
67,729.006711274881
68,448.1320433648335
69,393.9734377633736
70,377.7624099823356
71,250.24015667616652
72,140.72016140464044
73,104.59904387745232
74,93.59303277287825
75,67.79796116027485
76,53.08524282056855
77,9.854932835999586
78,8.376837752949802
79,5.491065687691814
80,-1.720130033005864
81,-1.126832989242602
82,-0.7298921199617281
83,6.560631552070873
84,-2.657439610354192
85,-7.713896510593591
86,0.3564648396581571
87,0.4227259458704271
88,0.4227253234529815
89,0.4227260888996689
90,0.4250028769384437
91,0.4227257127083135
92,0.4227260678972042
93,1.1916132568351214
94,0.4877672200011238
95,0.5867856876409316
96,0.0008258073455387
97,1.4258911313902445e-06
98,7.66824271531919
99,-5.249032345639328
100,7.413356135628904
101,6.745692119508732
102,0.9263086112258144
103,-6.147612129466141
104,1.770225705354008
105,30.123408258186014
106,23.39206030526268
107,39.02140280526218
108,105.6986178562306
109,248.06298078874124
110,270.22821195240215
111,493.0615243344331
112,620.6265059815374
113,826.8966438147228
114,1072.478067654558
115,1067.8511371144564
116,1504.4492187102337
117,1522.7193079738563
118,1958.3751908798629
119,1514.2537116732017
120,1590.3992499604965
121,1585.408386984367
122,1563.0987161214275
123,2174.129848838294
124,2434.2820024347343
125,2728.716556834812
126,2975.4268564965337
127,3296.88362568492
128,3523.601477558301
129,3637.228778016596
130,3977.659269469918
131,3929.7758388998463
132,3959.99432516184
133,4104.607952116142
134,4090.6083563184334
135,3830.443157830954
136,3921.977600901462
137,3687.1580578383696
138,3676.303779822733
139,3586.491260029928
140,3379.8018903157345
141,3424.0834619642874
142,3356.4780906613523
143,3285.7504320289963
144,3303.332691955236
145,3182.1970181466304
146,2919.3383345941606
147,3151.419749268814
148,3012.784460048884
149,3059.8852538061883
150,2954.2116587668115
151,3158.7785303309897
152,3078.183004567895
153,3029.214650072541
154,3062.8718266118576
155,2833.695906218189
156,2614.356867931843
157,2656.564340926236
158,2399.170795196712
159,1953.4289735844611
160,1975.6010971683968
161,1464.7561988136176
162,1242.4909149170935
163,1238.336848975841
164,697.7810710459876
165,614.0803497911943
166,605.6594021183547
167,434.5250774474269
168,385.7599965742788
169,263.8929026380894
170,232.6986824060457
171,172.5900448223236
172,106.22325376434688
173,88.46035289516513
174,29.688655334361744
175,8.733019791677235
176,29.471839777508187
177,1.7541805674857995
178,-1.845234343529806
179,-3.2926447268441184
180,3.4893911345918616
181,15.901276895779215
182,5.360857370987648
183,5.482431118404072
184,5.538427416448551
185,0.4495670338544926
186,0.4495670123344721
187,0.4495674626083659
188,0.4495674328107837
189,0.7352616773319136
190,0.4495687077453842
191,0.5486310355862942
192,-0.3060529519101518
193,-19.77307270624929
194,-12.13294032112979
195,23.352374880491837
196,19.8751847450692
197,-4.786222879432131
198,-5.621805713867836
199,23.831463304707384
200,7.478801668053128
201,31.879171522894453
202,155.16657770017284
203,178.27435220547963
204,268.34173188561715
205,403.9266778562711
206,508.5426468462213
207,459.8406271736138
208,543.0367103223314
209,903.2673449482534
210,1055.9222757810294
211,1388.8030874113292
212,1856.1527180449025
213,1980.5934805479308
214,2259.024963309464
215,2557.8771701550763
216,2707.228706245696
217,2842.587630526866
218,3141.886802233193
219,3755.260760222916
220,3807.291192661101
221,4243.623037983767
222,4503.679211385929
223,4427.504894514029
224,4581.297450904366
225,4682.721428138564
226,4689.3845727398975
227,4769.091384478792
228,4853.574012230771
229,4878.493931008512
230,4872.29975497725
231,4828.21523259452
232,4807.959614881253
233,4858.225338090616
234,4950.432903425167
235,4631.161781128023
236,4440.046802233905
237,4228.286820152069
238,3996.675606429846
239,4088.2576510576514
240,3652.657271947749
241,3645.119880097517
242,3669.926527035447
243,3880.60895379106
244,3791.3664776795695
245,3493.1598636666613
246,3681.5889630740007
247,3260.1989348358443
248,3158.686618688352
249,3091.3217896750207
250,2898.74687803156
251,2559.5681285619244
252,2457.2952023326143
253,2125.6419797502963
254,1790.333238827509
255,1750.3884681341335
256,1428.878051983698
257,1281.771055904572
258,781.0599417557504
259,845.6446463863209
260,812.9482373148003
261,556.6067508409868
262,491.4117408322584
263,500.7773019989892
264,321.2456616364302
265,314.0073836470227
266,221.384858979834
267,114.83488171720188
268,109.38224470783987
269,78.24206612759326
270,66.58951501124221
271,12.530823374763546
272,12.554849478577252
273,20.456943752136564
274,24.160721178424712
275,-6.201185552581562
276,-4.844438669782509
277,-11.80584282074008
278,-6.150756732265108
279,3.899844948642085
280,1.7433052783480916
281,15.7713010994686
282,2.127755876728797
283,1.8782977493811923
284,3.823929780516411
285,-7.546056188096848
286,32.08309864693296
287,33.79843903074732
288,-82.15259281407582
289,-18.211198775400028
290,-18.08291406221412
291,-18.118674870630045
292,-2.869394202039201
293,-9.895037889469773
294,27.81233088239521
295,0.9059918835564869
296,7.154933919210184
297,22.568665427185525
298,53.88358309731277
299,84.89515097780603
300,120.09047393498987
301,150.69618145541546
302,180.8084334005181
303,224.72364310075156
304,359.0108792993442
305,387.6493245709685
306,544.8156320723044
307,734.7069660499607
308,1049.1567133772198
309,1256.0784159594946
310,1259.079124797312
311,1717.2173404627492
312,2155.980803761025
313,2493.0192275592044
314,2489.724866183271
315,2988.350356906325
316,3752.760406620484
317,3626.811423294106
318,3890.317703507641
319,4121.412901640035
320,4241.114968671126
321,4306.150478810775
322,4251.175931130314
323,3759.5670000146342
324,3547.587649970103
325,3652.017759287573
326,3648.435526106321
327,3394.1868536289485
328,3496.690170865432
329,3442.5911485325414
330,3364.3124515429645
331,3725.781645291519
332,3756.290746818325
333,3830.139275887967
334,3639.4122802266447
335,2820.034209333122
336,2782.7703948288186
337,2687.884964298929
338,2534.0282674986856
339,2969.84082977394
340,2767.530335833552
341,2506.6927590087303
342,2337.5489678396616
343,2513.90343780846
344,2561.946993138181
345,2893.9606792700333
346,2914.335492460505
347,2824.1864541321725
348,2585.503760591864
349,2302.8639158178403
350,2099.5489956844576
351,1865.480520738474
352,1754.6371463031549
353,1530.7633273746587
354,1269.122913889976
355,885.8983306795753
356,568.4762322288395
357,535.8273530648445
358,483.6334343878112
359,439.9568822834602
360,475.7990313276137
361,224.95395772642289
362,217.64384752332825
363,193.58742593284785
364,178.6700153637654
365,87.66789516814794
366,75.99488497698331
367,48.6903037350984
368,-4.334594982649264
369,1.6942673951097469
370,18.918639179181504
371,19.360734221822675
372,1.3009950427590011
373,1.015686396826899
374,-0.4318540812517319
375,0.554718140494149
376,4.732790760454078
377,4.558007142774636
378,2.896257252463079
379,4.388156656829064
380,-1.4309729074863062
381,-0.6347537921882545
382,27.284110247051466
383,9.327100766184971
384,-101.95356370089748
385,0.1239548301771371
386,26.52078463866932
387,26.55705868940927
388,26.29940470832649
389,1.4189324880160257
390,26.67552922208093
391,22.64944131762399
392,33.895292967278664
393,44.127801726604496
394,109.59525060408208
395,145.42201531681852
396,203.5916370188456
397,312.0760667040198
398,517.2843095949247
399,485.35737435929616
400,664.1835529720545
401,670.6158656197111
402,738.2667588343327
403,849.7166991831361
404,1404.6932215829756
405,1663.4802413137927
406,1939.9411840803975
407,2054.331194374195
408,2567.229429188312
409,2717.905394781433
410,2924.842725137484
411,3322.6230839012774
412,3281.1823079165138
413,3975.700255967776
414,4077.8804319659166
415,4391.696719246222
416,4713.550046107087
417,4620.881780758582
418,4765.901456729139
419,4389.993698808522
420,4287.037106564168
421,4276.704710086008
422,4435.034897209914
423,4738.018518969384
424,4703.102082320306
425,4669.496065544389
426,4720.703343127339
427,4780.736650308137
428,4581.020118200981
429,4657.240786784371
430,4679.64399171853
431,4861.430422009578
432,4636.697359274889
433,4370.982025312916
434,4300.936731399286
435,4138.030526207537
436,4067.015356827147
437,3955.123157609961
438,3906.683249514103
439,3622.420838682525
440,3378.4934127356905
441,3338.7601537883597
442,3167.4496683345315
443,3027.311786244763
444,2815.050056157329
445,2534.197925393318
446,2223.051229281224
447,2219.3189668681
448,1972.2325405284291
449,1807.1194147024312
450,1499.6297136215169
451,1213.777352464854
452,1054.163793728383
453,699.5285471576017
454,522.501992172192
455,645.4965564630612
456,487.65704161667145
457,350.53842361011965
458,350.30004152534
459,253.8422823378333
460,130.70632266216947
461,104.48111025190032
462,77.20199912718682
463,59.91891368395829
464,14.818582740815772
465,8.48276213319048
466,0.8351697282583066
467,18.109584081880865
468,-0.6218297129265329
469,0.0135619978291225
470,-4.017588880519464
471,0.462788571151119
472,0.4739022954485969
473,2.614455042853288
474,4.725498260202663
475,10.798452159209672
476,10.242869413751006
477,1.1414647916635126
478,8.416218135619983
479,5.855136131627191
480,-2.995577643982317
481,0.648939528246399
482,-0.0610380211380565
483,1.0961890377329704
484,0.4821275385995909
485,3.87003572782366
486,22.51456558500625
487,16.853170974694482
488,75.43632267542793
489,108.70627133677732
490,168.53214629289633
491,208.3308084274787
492,306.3667061390372
493,407.8588780635196
494,469.5631608877509
495,381.5336812123162
496,674.8540180915948
497,815.0870372709272
498,1023.224575317528
499,1397.2572826120916
500,1835.183164939848
501,1733.2499656041723
502,2210.205476339396
503,2257.571084536227
504,2526.797752423354
505,2861.497360054406
506,3333.5305186708347
507,3400.837288204153
508,4020.627760336473
509,4150.016729670149
510,4451.746517425795
511,4172.095378998703
512,4105.379568637631
513,3997.510052579052
514,3952.276780767189
515,3896.600309906911
516,3936.92399397445
517,3944.29876878137
518,3772.325640330737
519,3822.224007999562
520,3898.097604403473
521,3649.327255516956
522,3681.472171874002
523,3447.305831082582
524,3328.374808930816
525,3368.083156280695
526,3135.9335990207715
527,3133.3873444000465
528,2899.0429780936884
529,2855.1582676357407
530,2894.1861986496237
531,2905.0830964900238
532,2942.407389180692
533,3175.8898235349643
534,3278.1359457471367
535,3312.427912017656
536,3458.830492269376
537,3321.226643018636
538,3283.164889583773
539,3029.014651040788
540,2660.868780274901
541,2521.362654981531
542,2208.2622533764998
543,2158.631752412115
544,1975.825095010149
545,1450.092047338159
546,1256.172013306575
547,977.7988273846404
548,778.6453673154539
549,864.905634134109
550,627.8168559772562
551,554.6770844529643
552,526.6615706732554
553,361.7911957046346
554,358.26598979540387
555,257.6926086725074
556,142.3979688156486
557,133.51800808685869
558,92.41779549124344
559,74.27404242537611
560,75.22613457926568
561,11.148355022178018
562,4.926814113050542
563,20.32889914876982
564,-0.786839750220035
565,-0.8551431955354243
566,-0.3491008305834047
567,-2.801431259738221
568,1.6526386269216653
569,4.659397745425306
570,5.044909712215757
571,5.106166458789075
572,1.039946884946378
573,1.0033293184167125
574,-2.685101155459453
575,-2.571579620511855
576,-14.204427324255434
577,22.081582213862067
578,24.04727515649604
579,20.684677535731105
580,-4.036298392831483
581,23.86716142741124
582,-4.1929761068133296
583,13.481500885906552
584,106.26189936156186
585,78.43529339426611
586,158.59044591301856
587,184.4703274890396
588,253.9293050642272
589,477.1916256052205
590,480.6091169643173
591,504.5092827150877
592,757.031109631531
593,901.4273685899605
594,1103.8099711493428
595,1498.633768140956
596,1836.264517231244
597,1940.2006822192436
598,2235.8516271119465
599,2424.5760607702905
600,2591.8895987035344
601,2950.6357730948857
602,3385.783809196318
603,3530.230992469705
604,4076.607253887882
605,4129.081003798159
606,4414.203672661587
607,4477.083938168767
608,4619.4226223822725
609,4649.954745363281
610,4634.333573810723
611,4793.565944989802
612,4855.411533463451
613,4900.180154261304
614,4916.468831758341
615,4465.103987859925
616,4162.085623506168
617,4141.082341151677
618,4049.795148763993
619,4614.3888853132485
620,4475.928977905515
621,4332.239905746837
622,4239.354014096226
623,4332.147672891614
624,4323.063134938568
625,3961.055117138773
626,3908.840716486509
627,3688.1216465894
628,3659.734236542214
629,3749.885805539716
630,3790.164781031931
631,3766.263626002134
632,3541.6606921836924
633,3311.388960284552
634,3189.1761141989305
635,2887.290996012523
636,2609.6646742230582
637,2414.0654804243954
638,2065.9767397414275
639,2205.9936989844227
640,1856.939006236632
641,1442.8584327935182
642,1130.4404388530754
643,812.5861382240818
644,831.3782472034593
645,778.2419064078329
646,565.4000151891838
647,493.99519120658175
648,495.0236598769104
649,338.9322835500842
650,350.1165251219184
651,77.1254077642158
652,121.6824522202769
653,89.35867052910025
654,44.49284896933839
655,23.868120922718063
656,22.883691440928693
657,-3.3195960606485606
658,-5.534693277818157
659,15.708696709221911
660,15.025963089653832
661,-5.992622247158035
662,-2.819483943549651
663,-0.5577605378426913
664,-1.2079487376705034
665,4.589737050481137
666,1.278730921347332
667,-0.6467031003246291
668,-11.232895898875547
669,0.592337230334091
670,-15.481730775689709
671,-4.075637820212783
672,-12.836068321451798
673,-43.513599692462975
674,-27.72144401639003
675,-28.65676587509345
676,-25.77104990099774
677,-3.280696856832769
678,-29.15766845281378
679,-24.63190613284072
680,-10.692450251292826
681,28.763905221397003
682,39.97374022395078
683,79.99525129249916
684,89.70962551684856
685,102.00959433103044
686,161.17029768289422
687,168.06423737372182
688,170.51509976842732
689,108.2796835333823
690,137.52986869926525
691,139.04280645706382
692,204.95467475830424
693,185.52986669888395
694,322.54257479947
695,323.98369955807726
696,323.9282835887827
697,487.2179313003281
698,495.1900610142624
699,506.8817810509869
700,488.5193809719412
701,625.7623900416086
702,686.8831439612618
703,691.7137550699398
704,730.1537031834249
705,768.4312698918778
706,758.5970816007781
707,731.121431245505
708,748.4693088772528
709,713.4310619783993
710,821.0192957557322
711,875.4216849976788
712,871.913143743091
713,893.9312005369202
714,893.4231297648723
715,880.7327175023797
716,925.7908467904776
717,1047.9262351010216
718,1152.6210866175977
719,1120.1476681246395
720,1036.5271501764605
721,974.0184530547403
722,926.4652757596264
723,1456.7223533862416
724,1575.5079758743327
725,1677.0659579707135
726,1817.5633137108427
727,1122.0528257164594
728,1152.007015597841
729,1119.9907292608568
730,1109.9361346393537
731,1486.3723769604514
732,1456.611876950857
733,1244.341435842704
734,1041.218399712326
735,940.9909306139126
736,860.846606040788
737,780.1345820479859
738,728.7125668995827
739,550.2047694866089
740,487.80620592699256
741,479.071490505309
742,377.4427543168976
743,258.318505138039
744,242.87399508225167
745,202.324379231009
746,188.5736541327638
747,91.53935960055476
748,114.06467835144818
749,84.45721204718896
750,80.38753910734198
751,52.1558899698149
752,34.6799527157027
753,-8.163546403404125
754,3.3682441619575747
755,21.6764931949562
756,22.08818703837552
757,-3.736633161748829
758,0.2633414937621054
759,-3.908978390569164
760,-2.0485584734030238
761,2.250920776326815
762,6.380250554930877
763,6.422640107045621
764,4.121769193905479
765,-4.093799866384243
766,0.1894727149232125
767,0.3461479311638396
768,-83.29062440859133
769,2.636730174529907
770,0.7437484133130541
771,0.3641694756547009
772,26.217938168994053
773,27.824012056107374
774,20.74263131071
775,29.780907658246623
776,56.096173343525706
777,60.5059504347848
778,104.4246925127544
779,124.78139954089424
780,133.46491652113602
781,181.18277387209147
782,177.418301075646
783,206.377564158564
784,260.4799745698288
785,337.43593292120534
786,343.4689102625792
787,358.78423184107936
788,481.6358408743565
789,532.8503366360578
790,504.9665347694108
791,669.9518641082208
792,977.221744135296
793,1100.6740603557637
794,1242.6161504765576
795,1717.7107808841547
796,1987.939295087904
797,1949.5156111515507
798,2117.767697308841
799,2152.669738926465
800,2414.5827090942084
801,2307.7761047819413
802,2479.208055261044
803,2393.893391868847
804,2292.922692834464
805,2411.898571843245
806,2203.518159885774
807,2551.593106602458
808,2290.773426199768
809,2642.2760785566734
810,2607.251752384971
811,3000.9477814538022
812,3265.762258677736
813,2945.7744623264216
814,2775.430591815637
815,2679.6397743819653
816,2553.580582568903
817,2643.420591842756
818,2616.1480384279425
819,2849.178154070016
820,2640.58279980751
821,2397.2694617990937
822,2239.2128355928708
823,2390.4720162639487
824,2339.248745679296
825,2055.280753504488
826,1975.340844091348
827,1887.9303205659016
828,1769.464859570724
829,1272.744475555865
830,1039.9558085652277
831,691.0307753055107
832,712.7117967865728
833,563.9017595541239
834,482.3118257445137
835,455.21604160750144
836,308.5349199884353
837,288.0804385500432
838,320.65913593409573
839,172.28961669709958
840,179.5464687691669
841,180.44460464027932
842,149.16184256951163
843,145.79561531936992
844,18.480483840131757
845,-38.11904764849302
846,-13.271470105548712
847,-10.888849033179133
848,-3.764379532816273
849,-9.003088946424471
850,4.699216259992511
851,3.000833497386872
852,7.6262622612862385
853,3.444816761424505
854,7.674884698224331
855,0.7713253349871438
856,-58.04600612537777
857,-58.42178898977889
858,-58.07850010513809
859,-56.85941757448701
860,-58.89610960016925
861,1.738651493723637
862,-77.8148627052902
863,-76.54630504845728
864,2.926867600067041
865,23.242610745679475
866,25.151242959292063
867,-9.463591696888733
868,24.04333666526084
869,-29.691831335208235
870,0.6016375260281626
871,7.67689265910912
872,24.088242419538723
873,58.07636611437184
874,55.42509716806532
875,91.95563394943952
876,124.75486755902448
877,148.32974253047414
878,192.12639281834691
879,249.35462717354693
880,205.50959685257988
881,163.88476002208685
882,207.36259512723828
883,226.24670360790583
884,266.00480386521093
885,376.6591471382602
886,462.6364875348565
887,419.6756248217826
888,554.6028120061499
889,804.0366374567305
890,833.3498203264686
891,849.7684758730181
892,897.614974775667
893,1122.061397531757
894,1216.669572370738
895,1290.7602311573987
896,1611.0714508087997
897,1563.210156709341
898,1555.6858922753263
899,1315.0529436844854
900,1367.6468404664204
901,1343.1449291505585
902,1317.1538968542725
903,1372.2924289707446
904,1308.0535838612095
905,1243.799537824896
906,1227.1040411989973
907,1260.4683917093669
908,1255.634729603142
909,1245.452577136978
910,1246.963319813766
911,1188.5507182162028
912,1135.2772237006334
913,1229.3014269652306
914,1131.1848049239109
915,1132.9988069153
916,1046.2779763095969
917,1014.822837704054
918,961.953333645368
919,921.3179029191006
920,841.0487500845404
921,877.9870560290458
922,848.0974483151772
923,903.6839794810568
924,819.4379871738156
925,507.3469507453138
926,387.223518252948
927,332.4925185292084
928,348.7134051536758
929,355.7081868489832
930,338.5311591184721
931,217.3323091617152
932,207.87163951748937
933,184.1268416550433
934,179.1439517147843
935,186.0493139017547
936,132.4550774261924
937,91.14665007819522
938,89.08620842114094
939,84.92901764775905
940,52.22903566962539
941,14.997878521387776
942,28.79873823734945
943,11.942283479144258
944,-18.127560701263757
945,8.855447385245922
946,3.40698418073941
947,7.201951343249702
948,-45.27142246827618
949,26.252042252705685
950,0.1906046146131759
951,-0.1005238585647241
952,0.2026069704526305
953,6.947963382746346
954,-7.157926806608149
955,-7.249352774247161
956,-3.43441431984172
957,-2.396972754425453
958,-2.482377534310352
959,-0.3266334711124665
960,-1.7144793190914918
961,-0.7941742859137246
962,-1.0303810595936902
963,0.9169834959457192
964,26.450420232279825
965,2.5366895434152674
966,3.8108315560696906
967,11.104499886767655
968,13.296117537096372
969,49.9515706642503
970,40.09575479824271
971,88.0876586550634
972,96.03767293884312
973,128.77350795453012
974,131.7095658047961
975,174.27207309020682
976,204.85726535856085
977,212.886590839193
978,229.5841834598018
979,394.4218963615369
980,414.7686697922704
981,578.21483244818
982,681.9500256676246
983,815.7940681307211
984,1092.535195577968
985,1200.329418798409
986,1283.208617043954
987,1618.217144965576
988,1769.1019651166212
989,2026.168920832456
990,2114.8385653311047
991,1801.354167336794
992,1848.9220884730075
993,1806.892906654248
994,1777.123773115537
995,1368.8864468819834
996,1423.9249287053524
997,1171.4642221628987
998,979.080278647124
999,1183.3868852778307
1000,1112.689961150006
1001,1128.5291508020612
1002,1128.9644928440548
1003,1720.184666435713
1004,1657.6953013186203
1005,1759.0383641435997
1006,1918.822907528336
1007,1789.0667749903896
1008,1627.435353910831
1009,1669.7644196768588
1010,1642.0933754146054
1011,1423.600863930335
1012,1339.4155730189227
1013,1231.4690242992474
1014,1225.3218260448607
1015,1206.239047703375
1016,1166.997036230306
1017,1136.2910401750198
1018,1110.8783559389226
1019,1445.028413513217
1020,1461.6379729662656
1021,1336.611800965581
1022,1280.2878109065111
1023,1451.5309940920877
1024,1489.897387241726
1025,1372.168773194394
1026,1268.384321350455
1027,813.8317062670678
1028,662.2019884468541
1029,613.9390789226587
1030,605.914724627655
1031,516.7703956661746
1032,471.0768462298468
1033,371.4144576107201
1034,332.4495754023185
1035,217.88569572595384
1036,105.12154004686433
1037,105.6908669472973
1038,93.80287646524424
1039,73.4137012995978
1040,53.856331124159965
1041,55.89641961226696
1042,5.199750043371171
1043,0.3185137451520745
1044,16.702140000147892
1045,25.97231783425285
1046,0.3475080607488436
1047,-0.448536793335303
1048,0.0455908072851034
1049,12.634158675804755
1050,10.74109375914557
1051,12.568146760908732
1052,12.530514205974256
1053,-0.2561914176701609
1054,-61.770034065316906
1055,11.179190544367918
1056,2.864211864272584
1057,24.9672706570564
1058,0.7657381065049345
1059,23.940451367739872
1060,24.644157061158875
1061,-10.407717178006845
1062,18.39641145619124
1063,-1.1807013766220915
1064,72.60012324185467
1065,82.380519257198
1066,85.07372165166609
1067,109.29181931086202
1068,123.5845973718854
1069,152.22876886702446
1070,159.02295326120003
1071,229.10591877390408
1072,321.1626776279453
1073,319.1341932296291
1074,327.600150432012
1075,460.2152895330785
1076,485.7889966496581
1077,670.9405040847239
1078,591.8416463023839
1079,775.2200392852428
1080,1081.344535278328
1081,1114.0313808155772
1082,1187.473608366308
1083,1437.1102228173968
1084,1432.0886232443056
1085,1496.2693981387963
1086,1598.5485398432816
1087,1635.591201706551
1088,1775.465997109715
1089,2037.1390264392
1090,2080.4226614803515
1091,1919.9464324946744
1092,1939.1440024542376
1093,1961.6748978174464
1094,1903.154628896708
1095,1774.087230898719
1096,1815.4309738804373
1097,1523.8507073629812
1098,1325.3414724978336
1099,1774.9811000131224
1100,1812.827493965401
1101,1729.1927916228103
1102,1881.4098200915853
1103,2024.187164072556
1104,1944.8374769363409
1105,2005.060452831212
1106,1985.4050538050124
1107,1735.2243471653608
1108,1528.427915665029
1109,1512.7681673104014
1110,1315.7475607468914
1111,1393.7842746234087
1112,1267.7627679992663
1113,1299.387568809693
1114,1197.755904973753
1115,1376.860640022524
1116,1049.4159879565032
1117,923.3755546549309
1118,852.266518397771
1119,718.0895312444454
1120,685.0202341772683
1121,631.698336824864
1122,487.5097315762815
1123,455.2838959895609
1124,351.4308698267433
1125,328.5858327323642
1126,324.5044799940717
1127,157.26720292334127
1128,157.9784726263181
1129,165.7145930232679
1130,152.51707365802008
1131,136.19325784409773
1132,40.62109143537874
1133,40.689641616268375
1134,-5.505682835417634
1135,-9.893017231902038
1136,11.686171049325814
1137,-3.13264800370027
1138,2.659416861438629
1139,6.2715881313996205
1140,2.4670675767494226
1141,-8.647246672876916
1142,0.7281518272224821
1143,0.7169431329141087
1144,-4.761355862317291
1145,1.107884070130451
1146,-9.432301010281842
1147,-9.777483179601823
1148,-9.748152340259264
1149,-1.6604404064387597
1150,1.602068768416384
1151,1.785219996634802
1152,-97.97093839804572
1153,24.22862922895477
1154,0.4134022672516524
1155,20.305518275349915
1156,-3.6714551020649537
1157,3.452054531153121
1158,6.554840668907263
1159,34.21253079015716
1160,82.30530173818796
1161,81.04347549142054
1162,91.35710828614872
1163,100.75515592634991
1164,128.84993004386212
1165,168.6540122475083
1166,127.05965063629816
1167,184.93257902103088
1168,299.088576370989
1169,317.6541132477632
1170,400.8913876762114
1171,442.1363052169119
1172,401.34808756348025
1173,601.0788899678324
1174,581.8411558742185
1175,943.4580613429432
1176,1398.7345542164016
1177,1879.5559036883403
1178,1816.4228720621757
1179,1605.618248161384
1180,1439.15325043273
1181,1435.7140927686107
1182,1447.7264753763295
1183,1510.3236130484956
1184,1588.2315499356846
1185,1344.5923078034173
1186,1197.0535206947454
1187,1673.8832917935588
1188,1904.5622356596427
1189,2052.205752375534
1190,1925.0440564867213
1191,2397.305009752595
1192,2303.7377381868555
1193,2221.750135769937
1194,2485.902188637824
1195,2024.8267905665227
1196,2204.668891534689
1197,2178.7263798078147
1198,2024.58865763172
1199,1633.6010811626234
1200,1582.753795761983
1201,1623.6063220957158
1202,1402.6178853242363
1203,1493.069322221579
1204,1617.8627406719947
1205,1378.972913629421
1206,1373.5984046174283
1207,1294.1605426131557
1208,1199.2327112544808
1209,1151.2078277565115
1210,1108.398057823115
1211,1170.898903070155
1212,1047.46414562775
1213,900.3158450806785
1214,812.3376831795935
1215,790.6340382804116
1216,715.2262017260491
1217,690.534594502545
1218,587.0610048038288
1219,582.7257429504081
1220,519.4705292641364
1221,563.7439867706948
1222,573.4125763174569
1223,402.9933729080055
1224,345.0198448160919
1225,307.7545228365533
1226,253.20260045323715
1227,202.9983041701541
1228,76.26490592532195
1229,91.08112075079774
1230,89.23809824730367
1231,83.56370761135315
1232,69.19166698131184
1233,61.17038013208545
1234,16.41882994289608
1235,8.952793790238427
1236,23.238327371729756
1237,14.074448668694156
1238,14.443322286959742
1239,-1.2083138380535037
1240,-1.0461296210588804
1241,-1.121561413723934
1242,-0.6621119307342598
1243,-5.921044758303731
1244,15.847851116080433
1245,-0.4284160628810589
1246,16.74797993285749
1247,16.88766749851461
1248,0.8474884297660754
1249,-0.9185284177523584
1250,25.02930782073376
1251,23.105373796363537
1252,-3.847882636241797
1253,-0.8257798817875157
1254,8.387000498756258
1255,31.115648635456346
1256,54.529909078150176
1257,63.72595302254343
1258,90.9104177803389
1259,125.49328664489089
1260,168.00330064043968
1261,132.21025552494189
1262,220.13388771832464
1263,281.23991359712704
1264,465.9872565291545
1265,432.9299256733184
1266,434.2958045002424
1267,525.3062263162848
1268,570.0482610318178
1269,865.8253017831966
1270,908.9819277619434
1271,1116.6679197113228
1272,1613.9789574187985
1273,1732.2970057447028
1274,1717.49676892048
1275,1674.834296243375
1276,1691.053056829846
1277,1757.6809918363613
1278,1863.2840404259057
1279,2289.003008878857
1280,2432.4081047672657
1281,2354.4661517973445
1282,2429.76754357418
1283,1995.837676580958
1284,2171.043465321796
1285,2172.4087930623214
1286,2380.5325834951905
1287,2168.683090040658
1288,2451.853963130802
1289,2381.946962279256
1290,2307.338258276969
1291,2161.924170640398
1292,2227.999323381028
1293,2225.93218732496
1294,2091.6467698478564
1295,1829.139953923093
1296,1841.6213665813068
1297,1635.7438077305872
1298,1621.0031090374966
1299,1638.591686298358
1300,1570.246321901407
1301,1351.299143785009
1302,1342.3320796056005
1303,1379.4911124199102
1304,1254.4837611805185
1305,1192.4692619787338
1306,1122.5118977321413
1307,1111.197286607401
1308,861.5058620125617
1309,665.2559862505475
1310,613.4782677021465
1311,623.5189728804069
1312,593.96648944405
1313,598.4942752841205
1314,482.7535378244503
1315,427.0387993806479
1316,321.4167564108531
1317,313.0447991501418
1318,314.59618661213585
1319,170.08868888449626
1320,164.64914119301812
1321,157.83995614402644
1322,147.6631385711148
1323,139.14659622754655
1324,141.266546267352
1325,30.20739047177621
1326,23.63997324217244
1327,30.90599583808912
1328,-31.63574178241109
1329,-18.74314385474116
1330,-6.713259155407005
1331,12.379083696041242
1332,10.169221587337692
1333,10.069772009166444
1334,10.732368040805696
1335,5.8483035879559
1336,2.2248556862234588
1337,-0.2401130851063246
1338,-4.497581323225502
1339,0.7615903804621249
1340,-0.0431836536322984
1341,-5.058040027447403
1342,-1.134777060921654
1343,0.7578315545502408
1344,-45.092132457579446
1345,-0.730132335796438
1346,21.645689018028257
1347,22.204182806922116
1348,-2.129110917110662
1349,1.63182254834122
1350,7.051531866579854
1351,23.54114441901494
1352,26.73913965552759
1353,33.76537187218449
1354,43.89270478116257
1355,68.37861636609685
1356,65.88798163156247
1357,141.24913603467084
1358,145.79685855904458
1359,215.5048697291424
1360,174.8371539494456
1361,211.65065283504717
1362,275.778264740655
1363,300.03520453131
1364,406.5873721265848
1365,432.0834456405136
1366,425.0767441829444
1367,442.5844058377994
1368,673.0999592721864
1369,723.2171524861228
1370,744.0247937859106
1371,744.4772103219252
1372,752.2324481771014
1373,724.5436911462307
1374,859.873401270268
1375,828.6433576776213
1376,911.030845975635
1377,972.1849424360852
1378,1063.6324142050005
1379,1009.496061212146
1380,1047.2746151113663
1381,1045.5633172301468
1382,1041.327921911722
1383,1104.8560868440863
1384,1080.274575894368
1385,1089.633319715163
1386,1065.905126836601
1387,1209.0580363693798
1388,1269.8823763613648
1389,1429.8793591317396
1390,1433.867198968093
1391,1308.271898722818
1392,1115.7234338357878
1393,1086.5078442444858
1394,1068.0874056811006
1395,1042.8377741801175
1396,949.9314092614532
1397,929.7908191681915
1398,922.0016447289212
1399,946.0289122943144
1400,905.770421968234
1401,875.9839685719353
1402,819.4189449213891
1403,895.6000284662287
1404,750.8113009967007
1405,681.494265114277
1406,621.8106474613475
1407,583.1590608292635
1408,519.1927985671609
1409,499.7768935959943
1410,490.5718276318961
1411,444.3700081459484
1412,332.9977895786879
1413,322.9570253727094
1414,294.2779991798502
1415,225.8095078982481
1416,173.77667745628312
1417,183.04590031302237
1418,158.09468660668185
1419,158.24633657066946
1420,178.26051428031198
1421,74.91354796927216
1422,69.03043646348789
1423,57.38382268230794
1424,39.26514731253979
1425,-4.055971265037083
1426,1.5929364433990552
1427,0.2304197675316386
1428,7.406521412994296
1429,-2.755521492141961
1430,-1.9630558067599944
1431,5.977578292510562
1432,6.450148350013622
1433,-0.2035665538027871
1434,-0.1979978163986331
1435,-4.819514321765997
1436,-5.148751687831194
1437,0.6092997965013138
1438,-8.314443823156484
1439,-3.2873735071983674
1440,1.3166679184424472
1441,1.7305651202904029
1442,25.204425999445974
1443,24.407816134646897
1444,-1.8322170283658403
1445,-0.8026254561918948
1446,14.090023591147792
1447,22.59325473234979
1448,40.32442954016259
1449,68.5375128829973
1450,83.08686234476652
1451,102.41633222947704
1452,121.12670173226672
1453,173.2272225600683
1454,231.32231819138224
1455,216.97430080089893
1456,296.97983667141654
1457,357.83618362070393
1458,381.9495811177929
1459,403.75467444849136
1460,438.8201246292792
1461,413.5350987437386
1462,445.7547570423609
1463,464.9702845209395
1464,681.9251507153714
1465,759.4740318561428
1466,769.7404381133725
1467,813.5104731171834
1468,874.6097600255378
1469,901.9893462025066
1470,971.9886127325792
1471,1078.2242018522015
1472,1210.101550230101
1473,1362.8811473738483
1474,1390.389722940412
1475,1466.5080556221174
1476,1576.276096455822
1477,1626.0662552868116
1478,1633.7995765075257
1479,1577.3830695031972
1480,1559.2426539797752
1481,1451.6268424296677
1482,1263.0422124710287
1483,1525.365506285672
1484,1554.7119539454843
1485,1581.19474858404
1486,1602.5474773615606
1487,1914.9536010112245
1488,1864.5419801916405
1489,1913.0505822500563
1490,1779.6329252090793
1491,1668.165752513704
1492,1569.6043780510695
1493,1314.166841877644
1494,1299.8645106619535
1495,1175.0721747707166
1496,1131.4110803203553
1497,1156.0524456432804
1498,1010.8783359139036
1499,1085.4656829598084
1500,902.8382374156896
1501,738.5026432162932
1502,698.8323095946466
1503,588.3458446409555
1504,559.4140652535589
1505,594.4407278365854
1506,555.8535446431933
1507,808.8145960160139
1508,446.53542768120354
1509,568.1586238767427
1510,542.8650592739542
1511,378.8734188979236
1512,273.27217272781087
1513,223.8772442484982
1514,177.80162692575584
1515,187.36136986640312
1516,166.95756600708526
1517,57.128968717379365
1518,51.01014593838417
1519,43.51677200542094
1520,50.029295787488245
1521,-0.8524832347351472
1522,0.7436050435359975
1523,-3.716154606849159
1524,-2.719929497230149
1525,9.64174908979301
1526,10.299752399840148
1527,9.609278206827462
1528,6.552601939665931
1529,5.868467408162206
1530,0.2548785046659212
1531,-0.1855929997117966
1532,3.11261890469046
1533,-1.1748126380720016
1534,3.91959064437285
1535,4.783311452319235
1536,-4.989783213978074
1537,26.565006752997377
1538,25.06417685418261
1539,-0.6549451136466686
1540,5.306200064501718
1541,8.43805027845913
1542,8.517586783001642
1543,11.969834146943889
1544,37.28739237472578
1545,53.44214246890577
1546,93.2793064686122
1547,106.82881193746093
1548,137.2187970384257
1549,177.16107950805625
1550,223.68709078069875
1551,238.232067999084
1552,188.1729595193476
1553,210.6910409931581
1554,240.59253050728972
1555,316.31356304578946
1556,446.7160934946269
1557,425.1440414551101
1558,427.2684062549317
1559,443.5580596123296
1560,570.7069765228607
1561,720.688189376238
1562,732.1364139354711
1563,767.8336712144087
1564,783.3658654770722
1565,806.4040823301067
1566,856.4108497055837
1567,832.9471726475373
1568,944.2767021941784
1569,908.7830828163982
1570,950.8854752169328
1571,947.9956386604337
1572,992.5076965743596
1573,952.0357331721884
1574,939.8486464982866
1575,919.1156904221511
1576,941.5322594310974
1577,944.5161449574504
1578,929.733742448262
1579,930.8320156284284
1580,948.39249973923
1581,1086.536315953804
1582,1134.4237178948954
1583,1155.3102509225466
1584,1113.4167658695508
1585,1200.7057499377272
1586,1163.160886801552
1587,1318.8994674807625
1588,1294.9159604852664
1589,1258.152249326108
1590,1236.8816850185751
1591,1039.4320851141763
1592,979.9555743990644
1593,919.8243355554242
1594,861.646365777656
1595,849.477060341055
1596,705.7853249452521
1597,572.1046269409885
1598,520.4258348189379
1599,543.4500719912926
1600,542.2026105892754
1601,605.2430717595503
1602,570.5839340943062
1603,566.7652702653754
1604,489.4715446764047
1605,521.8912748591854
1606,508.72921487804905
1607,528.2655218492027
1608,381.84718009313417
1609,357.7099824711975
1610,299.8871879257885
1611,183.8446018237544
1612,177.24886451501868
1613,74.43967185538254
1614,69.72960669361875
1615,55.747965683570186
1616,41.96472988502153
1617,47.32848573175413
1618,-4.649414079083694
1619,10.62423470726094
1620,13.364686974890953
1621,25.442861963136675
1622,25.934664377381715
1623,24.52991917421824
1624,0.1654268416135531
1625,0.973148681922928
1626,-0.0082055924097828
1627,0.1515888090069159
1628,15.406136100486696
1629,-35.85792629231612
1630,-18.914264035268538
1631,-15.021334406988776
1632,-90.97706245980712
1633,25.416704640730163
1634,27.69919908647592
1635,5.746084407594684
1636,26.13667061675159
1637,35.844321421612186
1638,67.20708556118555
1639,110.83910446083256
1640,129.33653284124287
1641,139.3807248656259
1642,224.20414788203823
1643,332.4116009536367
1644,410.7272302485705
1645,493.5845043442165
1646,573.9653289627173
1647,704.8651527338933
1648,839.7690197379877
1649,1150.2471694414548
1650,1444.812209930592
1651,1675.0744245417668
1652,1965.5428488003536
1653,2259.8619598669507
1654,2109.4008525004388
1655,2431.593407011458
1656,2725.963170580846
1657,3238.1495551959133
1658,3198.151491695905
1659,3856.685756318794
1660,3830.316647602567
1661,4125.205820123891
1662,4129.21527282332
1663,4329.640075786192
1664,4634.484285827802
1665,4689.097469998401
1666,4763.161901834606
1667,4798.77600424776
1668,5013.016014040277
1669,4991.645645229135
1670,5000.931067046083
1671,5025.288114962971
1672,4963.585528214859
1673,5007.295874526438
1674,5018.874915994454
1675,5141.22987409084
1676,5058.502349751791
1677,5064.290853518492
1678,4791.548946284544
1679,4779.06276893347
1680,4464.157807598412
1681,4232.839327769791
1682,4215.554155234836
1683,4140.981265857706
1684,4119.084780210548
1685,3991.9561391506295
1686,4014.825888443624
1687,3938.553266722397
1688,3733.943790184159
1689,3510.905254743662
1690,3104.209466749393
1691,3309.243468198976
1692,2963.3808800909715
1693,2664.4812742067056
1694,2233.5354616012337
1695,2227.022768221996
1696,2121.001643269451
1697,1961.569854547381
1698,1726.931994167495
1699,1545.8618845938488
1700,1257.4679820915323
1701,1028.9507039768482
1702,962.89894979811
1703,773.5367860859374
1704,578.246923679136
1705,521.6697278956319
1706,507.9088150106505
1707,325.56095888991746
1708,363.204555141876
1709,242.1500979751469
1710,221.6136422878406
1711,137.18597071983325
1712,102.4702305772676
1713,66.64418188888163
1714,53.736616486928845
1715,4.368379300469764
1716,4.84550566766149
1717,17.704310818020257
1718,19.421416473454745
1719,16.99155194055226
1720,12.902484850897311
1721,20.27665490467217
1722,20.176475331462804
1723,-0.8800496903773904
1724,-0.8705171158603111
1725,4.226004918624642
1726,3.986832595782328
1727,5.493093559779616
1728,-122.3049839125514
1729,24.25587461043253
1730,29.934632339629307
1731,14.68927527912578
1732,23.914178714477995
1733,43.13795079576319
1734,55.77421734172167
1735,113.3873766906519
1736,138.38533645120822
1737,164.6536238829375
1738,200.30806061771364
1739,233.57286215464285
1740,401.7913784234621
1741,449.0651213918461
1742,643.0851620685313
1743,632.6040214573787
1744,680.5467120235256
1745,741.0783130475854
1746,888.7186868771444
1747,1138.5112505933555
1748,1772.4154182110888
1749,1706.3362753786655
1750,1931.6779828246736
1751,2058.1257752776955
1752,2033.2128105711968
1753,2202.3736101149443
1754,2172.034589955395
1755,2756.7056221795283
1756,2879.073599451229
1757,3483.82566199966
1758,3567.159652527577
1759,3214.5389450692187
1760,3552.04019242663
1761,3411.4058394695176
1762,3519.0707612371725
1763,4172.88561071994
1764,4423.895012236394
1765,4444.842772561247
1766,4268.384563596172
1767,3947.097517496399
1768,4024.821872461376
1769,3790.029414926411
1770,3840.495412107691
1771,3517.848753813422
1772,3440.699549922126
1773,3159.5461805792606
1774,2861.2673704923104
1775,2431.4845186135926
1776,2460.3888511636665
1777,1842.4017466007924
1778,1681.868517139031
1779,1519.5975015631432
1780,1407.915192571409
1781,1116.0978803778037
1782,1269.3948120476184
1783,1169.8533585477471
1784,1115.4094033008955
1785,1265.5802340642445
1786,1194.9301157885575
1787,1394.3758535676852
1788,1265.3556909468025
1789,1123.4760421158544
1790,931.1960151047208
1791,1288.4052408389502
1792,1196.9685335971526
1793,1164.4578554089987
1794,1199.919223259977
1795,704.6211617732736
1796,551.2433590052544
1797,470.6759655430124
1798,413.85268332720057
1799,370.448004520303
1800,228.3225915934509
1801,227.67277357872752
1802,207.6877601424945
1803,175.47280456906867
1804,175.48444386476052
1805,81.72663309769592
1806,78.75878945707898
1807,69.36500881451691
1808,56.23035529034316
1809,51.731180099579056
1810,2.296037901229378
1811,6.325818681237214
1812,11.422462853320708
1813,24.162616300753943
1814,22.658964721628568
1815,22.225804052523
1816,28.31173931394568
1817,0.9307630197575644
1818,1.7961195824476368
1819,-3.54687819006376
1820,0.9126724514597192
1821,0.4582459186655416
1822,-4.649144594526534
1823,1.696435327231442
1824,-105.45064937097796
1825,25.68067346198166
1826,-0.0879287933290724
1827,5.632472276004199
1828,-0.2673694463817515
1829,9.777567853010051
1830,34.86013625541136
1831,29.18859317769865
1832,69.28588963625529
1833,77.43777813266256
1834,112.91037414524466
1835,113.6479908797701
1836,169.61088160232617
1837,194.6899750388881
1838,218.9943464569656
1839,323.9464721206796
1840,398.4970132433559
1841,397.393212590466
1842,403.9231461945485
1843,552.3845495756475
1844,597.0510559119687
1845,625.3662272603851
1846,721.4022773696493
1847,1325.860277018956
1848,1901.828835996104
1849,2130.580557194336
1850,2469.933466587973
1851,2816.186206238653
1852,3046.6006527887657
1853,3284.6251938883443
1854,3382.875993502456
1855,3006.255132503752
1856,3362.3599672087125
1857,3319.3104006283866
1858,3331.576184418284
1859,3412.688427655627
1860,3518.044981449235
1861,3680.705888914711
1862,3773.6324602661166
1863,4517.424253971798
1864,4684.374847163406
1865,4803.518983358157
1866,4921.1535675646455
1867,4912.261140186189
1868,4913.069444441953
1869,4918.445495528295
1870,4802.313236854109
1871,4763.201732105799
1872,4689.496512536011
1873,4296.907133481651
1874,4208.839492364501
1875,3920.123301155646
1876,3914.050475631607
1877,3843.147488564858
1878,3858.1084431651298
1879,3884.695054812552
1880,3706.9751266084295
1881,3520.375444819277
1882,3272.909648239028
1883,3061.113742195989
1884,2756.289180623549
1885,2563.3398088883146
1886,2318.760156383644
1887,2135.692315501071
1888,2082.214204173514
1889,1979.2548405754076
1890,1613.3264929326751
1891,1513.507423934551
1892,1366.5989901490263
1893,1137.662517775858
1894,1051.5409207815376
1895,824.5745286993744
1896,582.8143838875411
1897,545.9696551849406
1898,527.180158773974
1899,344.2052262006071
1900,348.5225650955972
1901,233.8843304271166
1902,246.5828422895233
1903,147.9837524047789
1904,118.6660180321782
1905,78.00774460688046
1906,49.44439907104517
1907,6.058637934936472
1908,5.656758627484504
1909,2.3263255242902225
1910,12.115087651224794
1911,14.14065137557533
1912,16.904666225798263
1913,0.7451030580883877
1914,1.3848185682508616
1915,0.3796726495805833
1916,1.0492288731697297
1917,4.908762453224055
1918,5.746120545476641
1919,5.885767041630369
1920,-13.200550000506851
1921,22.457512359390837
1922,5.852405886594072
1923,11.393490714746468
1924,6.997173103383295
1925,54.22024599615455
1926,62.9738772017179
1927,110.24308249496126
1928,118.71524079830536
1929,162.07888278710143
1930,211.6924102450171
1931,285.1290478181099
1932,282.16189777315606
1933,254.66720220021256
1934,440.7572541535588
1935,554.9329974061117
1936,804.4242092576688
1937,857.4235839786323
1938,1174.7396883756776
1939,1345.5881566373032
1940,1769.8942137107565
1941,1971.3559165453717
1942,2140.4093856752625
1943,2279.0063626591364
1944,3005.552979136909
1945,3256.4666515390963
1946,3462.1090554849666
1947,3840.6097156799447
1948,3925.848596304402
1949,4133.398121987397
1950,4326.932065717004
1951,4337.056810744909
1952,4690.578108920459
1953,4620.906305841045
1954,4643.673360835959
1955,4753.203987239214
1956,4926.983865027116
1957,4974.542014968107
1958,4971.458334101691
1959,4994.943056606973
1960,5054.6885522418015
1961,4894.138540148182
1962,4941.561279998902
1963,5076.064334770498
1964,5048.97756220648
1965,4984.92182844853
1966,4759.379803687768
1967,4880.5007791954895
1968,4542.766189371938
1969,4253.730354240361
1970,4264.579324744664
1971,4273.684983863974
1972,4065.8915179212495
1973,4046.9279218607576
1974,4010.456640734485
1975,3929.3498953560834
1976,3841.479022125821
1977,3622.320770516347
1978,3508.129129461734
1979,3450.783315187859
1980,2968.8834954248573
1981,2825.894393088371
1982,2394.742782812917
1983,2320.692829101504
1984,2212.8770405452487
1985,2138.6550534347684
1986,1802.8167719092712
1987,1672.6136005099163
1988,1574.3226382678563
1989,1198.826895385224
1990,1083.1354190504403
1991,998.164221459287
1992,602.9206447120171
1993,543.8670839079932
1994,500.29350152327896
1995,358.76343798191897
1996,329.3789957771971
1997,272.8437863653712
1998,229.83729777016345
1999,277.1553282103199
2000,135.2000350571078
2001,107.8214717666858
2002,82.5485335425042
2003,19.49113988279407
2004,12.473186441217567
2005,0.0946779570371338
2006,20.041835718476943
2007,14.721145550454189
2008,15.344613279546785
2009,-4.684793749436288
2010,-4.582374438270872
2011,-6.837644080529525
2012,-4.452790679376559
2013,-8.161334919068672
2014,-4.168211494738905
2015,-4.81678799505648
2016,-4.0296331065834
2017,24.29559190237343
2018,0.9753537009263322
2019,3.4488736140106937
2020,11.654743861100975
2021,16.636481582324173
2022,24.56318199053718
2023,67.04534675681131
2024,116.41689853065972
2025,105.00442786450476
2026,164.65904211467162
2027,288.4676173280096
2028,304.1092935655348
2029,467.26905163073314
2030,548.2883416593794
2031,592.0804026682612
2032,681.4294572673986
2033,918.3947452101633
2034,1222.6753763055012
2035,1395.655847412201
2036,1701.9743830721254
2037,2072.117106561293
2038,2053.0074558872434
2039,2313.8893309564137
2040,2468.9109710664525
2041,3025.8475861976463
2042,3207.97306040103
2043,3800.008840998301
2044,3945.9626087494817
2045,4052.4343101878326
2046,4106.255262383261
2047,4308.223753117884
2048,4562.452403074736
2049,4595.529180253456
2050,4473.782300200958
2051,4604.087975298689
2052,4633.01096490219
2053,4666.73261787469
2054,4718.554833889936
2055,4631.964018715889
2056,4636.828796957165
2057,4627.444375203269
2058,4623.542443200637
2059,4462.047156003031
2060,4274.31258623838
2061,4127.329739202333
2062,3772.46219855738
2063,3842.092389970071
2064,3737.904735789896
2065,3481.5519365910272
2066,3088.120336320853
2067,3442.2034317765924
2068,3432.3720397444035
2069,3525.2853995641967
2070,3480.2899743123003
2071,3044.585184589478
2072,2852.4831566844914
2073,2420.4850251308403
2074,2331.793351634611
2075,2191.654893012397
2076,2236.215809030301
2077,1737.1189675673693
2078,1681.486235401918
2079,1589.3496528733997
2080,1461.2835626090573
2081,1414.4687135106
2082,1395.7102377530318
2083,1016.1908451855448
2084,925.2935808403744
2085,720.6850833720722
2086,710.5790470785686
2087,629.405914169769
2088,451.6956460484621
2089,430.2086837223554
2090,429.00608850436606
2091,159.71618399503146
2092,175.37469497540113
2093,160.49538008200798
2094,70.61894774015117
2095,83.22711512332732
2096,72.53720111263995
2097,36.645553797762375
2098,36.24526218310447
2099,28.049876578448917
2100,-7.486069126340901
2101,-7.255432580195649
2102,-8.12466196679905
2103,-12.051180622797808
2104,-7.744461708811247
2105,-8.107067563094668
2106,0.2070834867230928
2107,0.3501536752694392
2108,0.4244710375118892
2109,4.416735336224356
2110,4.896062033546293
2111,4.143423528685056
2112,-3.593027909440305
2113,22.42862538094515
2114,-0.8358199095886452
2115,-1.4879032933821827
2116,7.0538794527707545
2117,7.766263565936265
2118,23.10470865929255
2119,33.11949523430634
2120,46.23763353832375
2121,84.68710803415925
2122,116.86160535678098
2123,134.68388159613218
2124,153.4338196205255
2125,172.46380147752353
2126,198.46208131715045
2127,233.6780930590616
2128,220.56818794075383
2129,397.06178840620544
2130,418.6328609126791
2131,529.4272608621652
2132,595.7751727348749
2133,607.125965913511
2134,511.87377987543744
2135,605.3497566289492
2136,647.1071793579478
2137,724.6741582090003
2138,784.5547266028628
2139,934.9771814436252
2140,1273.240795957203
2141,1288.909518271757
2142,1328.2178132497106
2143,1177.5381520381409
2144,1168.8746529745636
2145,1229.414516669723
2146,1019.2229346665674
2147,1070.07987486373
2148,1140.9906191669304
2149,1053.1048057439657
2150,1089.7772964489484
2151,1065.834135073618
2152,1021.8316208402424
2153,1052.949607219027
2154,1072.5898830051403
2155,1735.5128599795084
2156,1781.317288396111
2157,2238.738059885617
2158,2410.164922662154
2159,2397.4699192381822
