	pv_measurement
11663	0.0
11664	0.0
11665	0.0
11666	0.0
11667	19.6
11668	58.800000000000004
11669	88.2
11670	343.0
11671	686.0
11672	646.8000000000001
11673	901.6
11674	784.0
11675	617.4000000000001
11676	166.60000000000002
11677	264.6
11678	235.20000000000002
11679	88.2
11680	19.6
11681	9.8
11682	0.0
11683	0.0
11684	0.0
11685	0.0
11686	0.0
11687	0.0
11688	0.0
11689	0.0
11690	39.2
11691	117.60000000000001
11692	78.4
11693	98.0
11694	186.20000000000002
11695	274.40000000000003
11696	333.20000000000005
11697	372.40000000000003
11698	313.6
11699	509.6
11700	411.6
11701	343.0
11702	215.60000000000002
11703	186.20000000000002
11704	68.60000000000001
11705	19.6
11706	0.0
11707	0.0
11708	0.0
11709	0.0
11710	0.0
11711	0.0
11712	0.0
11713	0.0
11714	0.0
11715	39.2
11717	58.800000000000004
11718	235.20000000000002
11719	499.8
11720	343.0
11721	274.40000000000003
11722	333.20000000000005
11723	450.8
11724	470.40000000000003
11725	441.00000000000006
11726	205.8
11727	333.20000000000005
11728	127.4
11729	39.2
11730	0.0
11731	0.0
11732	0.0
11733	0.0
11734	0.0
11735	0.0
11736	0.0
11737	0.0
11738	9.8
11739	78.4
11740	117.60000000000001
11741	215.60000000000002
11742	352.8
11743	284.20000000000005
11744	254.8
11745	597.8000000000001
11746	813.4000000000001
11747	607.6
11748	558.6
11749	372.40000000000003
11750	264.6
11751	382.20000000000005
11752	127.4
11753	58.800000000000004
11754	0.0
11755	0.0
11756	0.0
11757	0.0
11758	0.0
11759	0.0
11760	0.0
11761	0.0
11762	19.6
11763	68.60000000000001
11764	107.80000000000001
11765	156.8
11766	274.40000000000003
11767	372.40000000000003
11768	362.6
11769	382.20000000000005
11770	352.8
11771	225.4
11772	470.40000000000003
11773	284.20000000000005
11774	127.4
11776	88.2
11777	19.6
11778	9.8
11779	0.0
11780	0.0
11781	0.0
11782	0.0
11783	0.0
11784	0.0
11785	0.0
11786	9.8
11787	49.0
11788	107.80000000000001
11789	264.6
11790	215.60000000000002
11791	313.6
11792	382.20000000000005
11793	411.6
11794	529.2
11795	431.20000000000005
11796	372.40000000000003
11797	411.6
11798	117.60000000000001
11799	107.80000000000001
11800	68.60000000000001
11801	39.2
11802	9.8
11803	0.0
11804	0.0
11805	0.0
11806	0.0
11807	0.0
11808	0.0
11809	0.0
11810	9.8
11811	68.60000000000001
11812	137.20000000000002
11813	166.60000000000002
11814	186.20000000000002
11815	441.00000000000006
11816	421.40000000000003
11817	539.0
11818	911.4000000000001
11819	509.6
11820	529.2
11821	362.6
11822	137.20000000000002
11823	107.80000000000001
11824	49.0
11825	39.2
11826	9.8
11827	0.0
11828	0.0
11829	0.0
11830	0.0
11831	0.0
11832	0.0
11833	0.0
11834	9.8
11835	29.400000000000002
11836	88.2
11837	127.4
11838	235.20000000000002
11839	196.0
11840	117.60000000000001
11841	176.4
11842	215.60000000000002
11843	284.20000000000005
11844	176.4
11846	245.00000000000003
11847	264.6
11848	127.4
11849	78.4
11850	19.6
11851	0.0
11852	0.0
11853	0.0
11854	0.0
11855	0.0
11856	0.0
11857	0.0
11858	19.6
11859	107.80000000000001
11860	147.0
11861	205.8
11862	196.0
11863	294.0
11864	254.8
11865	431.20000000000005
11866	421.40000000000003
11867	617.4000000000001
11868	490.00000000000006
11869	401.8
11870	215.60000000000002
11871	205.8
11872	186.20000000000002
11873	78.4
11874	19.6
11875	0.0
11876	0.0
11877	0.0
11878	0.0
11879	0.0
11880	0.0
11881	0.0
11882	19.6
11883	68.60000000000001
11884	107.80000000000001
11885	352.8
11886	333.20000000000005
11887	245.00000000000003
11888	68.60000000000001
11889	333.20000000000005
11890	450.8
11891	774.2
11892	784.0
11893	568.4000000000001
11894	382.20000000000005
11895	362.6
11896	19.6
11897	9.8
11898	0.0
11899	0.0
11900	0.0
11901	0.0
11902	0.0
11903	0.0
11904	0.0
11905	0.0
11906	0.0
11907	0.0
11908	0.0
11909	0.0
11910	0.0
11911	0.0
11912	9.8
11914	19.6
11916	39.2
11917	49.0
11918	39.2
11919	58.800000000000004
11920	49.0
11921	19.6
11922	0.0
11923	0.0
11924	0.0
11925	0.0
11926	0.0
11927	0.0
11928	0.0
11929	0.0
11930	0.0
11931	0.0
11932	0.0
11933	9.8
11934	19.6
11936	58.800000000000004
11937	78.4
11938	186.20000000000002
11939	245.00000000000003
11940	303.8
11941	176.4
11942	352.8
11943	274.40000000000003
11944	127.4
11945	49.0
11946	9.8
11947	0.0
11948	0.0
11949	0.0
11950	0.0
11951	0.0
11952	0.0
11953	0.0
11954	0.0
11955	0.0
11956	0.0
11957	0.0
11958	0.0
11959	19.6
11960	9.8
11961	19.6
11962	9.8
11963	19.6
11964	29.400000000000002
11965	19.6
11966	29.400000000000002
11969	19.6
11970	0.0
11971	0.0
11972	0.0
11973	0.0
11974	0.0
11975	0.0
11976	0.0
11977	0.0
11978	0.0
11979	9.8
11980	19.6
11981	39.2
11982	98.0
11983	137.20000000000002
11984	382.20000000000005
11985	225.4
11986	539.0
11987	303.8
11988	421.40000000000003
11989	401.8
11990	294.0
11991	117.60000000000001
11992	78.4
11993	39.2
11994	29.400000000000002
11995	0.0
11996	0.0
11997	0.0
11998	0.0
11999	0.0
12000	0.0
12001	0.0
12002	0.0
12003	9.8
12005	19.6
12006	39.2
12007	225.4
12008	539.0
12009	646.8000000000001
12010	539.0
12011	519.4000000000001
12012	568.4000000000001
12013	382.20000000000005
12014	205.8
12015	245.00000000000003
12016	156.8
12017	49.0
12018	9.8
12019	0.0
12020	0.0
12021	0.0
12022	0.0
12023	0.0
12024	0.0
12025	0.0
12026	0.0
12027	9.8
12028	49.0
12029	245.00000000000003
12030	343.0
12031	401.8
12032	392.0
12033	401.8
12034	205.8
12035	254.8
12036	196.0
12037	186.20000000000002
12038	137.20000000000002
12040	88.2
12041	58.800000000000004
12042	19.6
12043	0.0
12044	0.0
12045	0.0
12046	0.0
12047	0.0
12048	0.0
12049	0.0
12050	29.400000000000002
12051	49.0
12052	147.0
12053	205.8
12054	274.40000000000003
12055	303.8
12056	372.40000000000003
12057	421.40000000000003
12058	401.8
12059	215.60000000000002
12060	539.0
12061	392.0
12062	294.0
12063	205.8
12064	147.0
12065	49.0
12066	9.8
12067	0.0
12068	0.0
12069	0.0
12070	0.0
12071	0.0
12072	0.0
12073	9.8
12074	39.2
12075	137.20000000000002
12076	117.60000000000001
12078	352.8
12080	372.40000000000003
12081	274.40000000000003
12082	460.6
12083	833.0000000000001
12084	490.00000000000006
12085	333.20000000000005
12086	313.6
12087	225.4
12088	196.0
12089	88.2
12090	49.0
12091	0.0
12092	0.0
12093	0.0
12094	0.0
12095	0.0
12096	0.0
12097	0.0
12098	9.8
12099	58.800000000000004
12100	166.60000000000002
12101	186.20000000000002
12102	284.20000000000005
12103	392.0
12104	362.6
12105	617.4000000000001
12106	450.8
12107	352.8
12108	568.4000000000001
12109	509.6
12110	499.8
12111	431.20000000000005
12112	245.00000000000003
12113	107.80000000000001
12114	19.6
12115	0.0
12116	0.0
12117	0.0
12118	0.0
12119	0.0
12120	0.0
12121	9.8
12122	49.0
12123	98.0
12124	225.4
12125	431.20000000000005
12126	705.6
12127	784.0
12128	735.0
12129	901.6
12130	960.4000000000001
12131	931.0000000000001
12132	842.8000000000001
12133	548.8000000000001
12134	558.6
12135	303.8
12136	225.4
12137	107.80000000000001
12138	29.400000000000002
12139	0.0
12140	0.0
12141	0.0
12142	0.0
12143	0.0
12144	0.0
12145	9.8
12146	39.2
12147	98.0
12148	225.4
12149	421.40000000000003
12150	617.4000000000001
12151	744.8000000000001
12153	784.0
12154	735.0
12155	754.6
12157	735.0
12158	352.8
12159	294.0
12160	147.0
12161	68.60000000000001
12162	29.400000000000002
12163	0.0
12164	0.0
12165	0.0
12166	0.0
12167	0.0
12168	0.0
12169	9.8
12170	39.2
12171	98.0
12172	225.4
12173	401.8
12174	588.0
12175	744.8000000000001
12176	842.8000000000001
12177	921.2
12178	940.8000000000001
12179	911.4000000000001
12180	833.0000000000001
12181	666.4000000000001
12182	372.40000000000003
12183	205.8
12184	127.4
12185	68.60000000000001
12186	19.6
12187	0.0
12188	0.0
12189	0.0
12190	0.0
12191	0.0
12192	0.0
12193	9.8
12194	19.6
12195	78.4
12196	235.20000000000002
12197	450.8
12198	646.8000000000001
12199	529.2
12200	401.8
12201	421.40000000000003
12202	382.20000000000005
12203	431.20000000000005
12204	578.2
12205	499.8
12206	362.6
12207	284.20000000000005
12208	176.4
12209	117.60000000000001
12210	29.400000000000002
12211	9.8
12212	0.0
12213	0.0
12214	0.0
12215	0.0
12216	0.0
12217	9.8
12218	39.2
12219	98.0
12220	235.20000000000002
12221	431.20000000000005
12222	627.2
12223	774.2
12224	872.2
12225	980.0000000000001
12226	901.6
12227	842.8000000000001
12228	382.20000000000005
12229	235.20000000000002
12230	107.80000000000001
12231	68.60000000000001
12232	58.800000000000004
12233	39.2
12234	9.8
12235	0.0
12236	0.0
12237	0.0
12238	0.0
12239	0.0
12240	0.0
12241	9.8
12242	29.400000000000002
12243	19.6
12244	49.0
12245	98.0
12246	147.0
12247	196.0
12248	264.6
12249	578.2
12250	774.2
12251	666.4000000000001
12252	813.4000000000001
12253	656.6
12254	529.2
12255	362.6
12256	235.20000000000002
12257	117.60000000000001
12258	29.400000000000002
12259	0.0
12260	0.0
12261	0.0
12262	0.0
12263	0.0
12264	0.0
12265	9.8
12266	39.2
12267	98.0
12268	137.20000000000002
12269	392.0
12270	343.0
12271	460.6
12273	343.0
12274	333.20000000000005
12275	372.40000000000003
12276	333.20000000000005
12277	323.40000000000003
12278	264.6
12279	166.60000000000002
12280	176.4
12281	29.400000000000002
12282	0.0
12283	9.8
12284	0.0
12285	0.0
12286	0.0
12287	0.0
12288	0.0
12289	19.6
12290	49.0
12291	117.60000000000001
12292	156.8
12293	431.20000000000005
12294	441.00000000000006
12295	372.40000000000003
12296	548.8000000000001
12297	254.8
12298	460.6
12299	666.4000000000001
12300	460.6
12301	362.6
12302	254.8
12303	137.20000000000002
12305	58.800000000000004
12306	9.8
12308	0.0
12309	0.0
12310	0.0
12311	0.0
12312	0.0
12313	9.8
12314	49.0
12315	98.0
12316	166.60000000000002
12317	323.40000000000003
12318	303.8
12319	284.20000000000005
12320	646.8000000000001
12321	695.8000000000001
12322	617.4000000000001
12323	499.8
12324	235.20000000000002
12325	166.60000000000002
12326	78.4
12327	176.4
12328	88.2
12329	39.2
12330	9.8
12331	0.0
12332	0.0
12333	0.0
12334	0.0
12335	0.0
12336	0.0
12337	9.8
12338	39.2
12339	107.80000000000001
12340	117.60000000000001
12341	186.20000000000002
12342	284.20000000000005
12344	362.6
12345	372.40000000000003
12346	421.40000000000003
12347	519.4000000000001
12349	607.6
12350	558.6
12351	352.8
12352	245.00000000000003
12353	127.4
12354	58.800000000000004
12355	19.6
12356	0.0
12357	0.0
12358	0.0
12359	0.0
12360	0.0
12361	9.8
12362	49.0
12363	98.0
12364	235.20000000000002
12365	431.20000000000005
12366	617.4000000000001
12367	744.8000000000001
12368	852.6
12369	921.2
12370	950.6
12371	921.2
12372	833.0000000000001
12373	686.0
12374	539.0
12375	362.6
12376	245.00000000000003
12377	117.60000000000001
12378	39.2
12379	9.8
12380	0.0
12381	0.0
12382	0.0
12383	0.0
12384	0.0
12385	9.8
12386	49.0
12387	107.80000000000001
12388	245.00000000000003
12389	441.00000000000006
12390	627.2
12391	754.6
12392	852.6
12393	921.2
12394	950.6
12395	921.2
12396	833.0000000000001
12397	686.0
12398	529.2
12399	362.6
12400	245.00000000000003
12401	117.60000000000001
12402	39.2
12403	9.8
12404	0.0
12405	0.0
12406	0.0
12407	0.0
12408	0.0
12409	9.8
12410	49.0
12411	107.80000000000001
12412	245.00000000000003
12413	441.00000000000006
12414	617.4000000000001
12415	744.8000000000001
12416	842.8000000000001
12417	901.6
12418	940.8000000000001
12419	764.4000000000001
12420	813.4000000000001
12421	617.4000000000001
12422	460.6
12423	323.40000000000003
12424	225.4
12425	88.2
12426	49.0
12427	9.8
12428	0.0
12429	0.0
12430	0.0
12431	0.0
12432	0.0
12433	9.8
12434	58.800000000000004
12435	117.60000000000001
12436	235.20000000000002
12437	303.8
12438	529.2
12439	558.6
12440	872.2
12441	921.2
12442	842.8000000000001
12443	764.4000000000001
12444	666.4000000000001
12445	568.4000000000001
12446	401.8
12447	225.4
12448	186.20000000000002
12449	88.2
12450	58.800000000000004
12451	9.8
12452	0.0
12453	0.0
12454	0.0
12455	0.0
12456	0.0
12457	0.0
12458	9.8
12459	19.6
12460	58.800000000000004
12461	107.80000000000001
12462	68.60000000000001
12463	49.0
12464	78.4
12465	107.80000000000001
12466	284.20000000000005
12467	166.60000000000002
12468	186.20000000000002
12469	117.60000000000001
12470	127.4
12471	98.0
12472	78.4
12473	58.800000000000004
12474	39.2
12475	9.8
12476	0.0
12477	0.0
12478	0.0
12479	0.0
12480	0.0
12481	9.8
12482	29.400000000000002
12483	39.2
12484	78.4
12485	137.20000000000002
12486	235.20000000000002
12487	362.6
12488	539.0
12489	705.6
12490	744.8000000000001
12491	774.2
12492	784.0
12493	637.0
12494	548.8000000000001
12495	372.40000000000003
12496	274.40000000000003
12497	137.20000000000002
12498	49.0
12499	9.8
12500	0.0
12501	0.0
12502	0.0
12503	0.0
12504	0.0
12505	19.6
12506	49.0
12507	127.4
12508	254.8
12509	499.8
12510	656.6
12511	774.2
12512	823.2
12513	921.2
12514	911.4000000000001
12515	940.8000000000001
12516	823.2
12517	470.40000000000003
12518	333.20000000000005
12519	274.40000000000003
12520	147.0
12521	68.60000000000001
12522	49.0
12523	9.8
12524	0.0
12525	0.0
12526	0.0
12527	0.0
12528	0.0
12529	19.6
12530	88.2
12531	166.60000000000002
12532	215.60000000000002
12533	303.8
12534	431.20000000000005
12535	421.40000000000003
12536	411.6
12537	421.40000000000003
12538	333.20000000000005
12539	323.40000000000003
12540	372.40000000000003
12541	411.6
12542	274.40000000000003
12543	176.4
12544	78.4
12545	29.400000000000002
12546	9.8
12548	0.0
12549	0.0
12550	0.0
12551	0.0
12552	0.0
12553	9.8
12555	19.6
12556	29.400000000000002
12557	39.2
12558	49.0
12559	98.0
12560	147.0
12561	215.60000000000002
12562	235.20000000000002
12563	176.4
12564	313.6
12565	127.4
12566	235.20000000000002
12567	127.4
12568	98.0
12569	127.4
12570	39.2
12571	19.6
12572	0.0
12573	0.0
12574	0.0
12575	0.0
12576	0.0
12577	0.0
12578	39.2
12579	58.800000000000004
12580	117.60000000000001
12581	107.80000000000001
12582	117.60000000000001
12583	186.20000000000002
12584	303.8
12585	607.6
12586	352.8
12587	627.2
12588	705.6
12589	627.2
12590	558.6
12591	254.8
12592	147.0
12593	117.60000000000001
12594	68.60000000000001
12595	19.6
12596	0.0
12597	0.0
12598	0.0
12599	0.0
12600	0.0
12601	9.8
12602	49.0
12603	137.20000000000002
12604	254.8
12605	470.40000000000003
12606	656.6
12607	607.6
12608	862.4000000000001
12609	921.2
12610	999.6
12611	940.8000000000001
12612	862.4000000000001
12613	617.4000000000001
12614	539.0
12615	382.20000000000005
12616	284.20000000000005
12617	176.4
12618	68.60000000000001
12619	19.6
12620	0.0
12621	0.0
12622	0.0
12623	0.0
12624	0.0
12625	19.6
12626	58.800000000000004
12627	117.60000000000001
12628	186.20000000000002
12629	333.20000000000005
12630	392.0
12631	715.4000000000001
12632	872.2
12633	607.6
12634	411.6
12635	715.4000000000001
12636	891.8000000000001
12637	695.8000000000001
12638	450.8
12639	313.6
12640	245.00000000000003
12641	137.20000000000002
12642	78.4
12643	29.400000000000002
12644	9.8
12645	0.0
12646	0.0
12647	0.0
12648	0.0
12649	19.6
12650	58.800000000000004
12651	117.60000000000001
12652	245.00000000000003
12653	450.8
12654	627.2
12655	764.4000000000001
12656	862.4000000000001
12657	940.8000000000001
12658	960.4000000000001
12659	931.0000000000001
12660	852.6
12661	705.6
12662	568.4000000000001
12663	392.0
12664	274.40000000000003
12665	137.20000000000002
12666	49.0
12667	19.6
12668	0.0
12669	0.0
12670	0.0
12671	0.0
12672	0.0
12673	19.6
12674	58.800000000000004
12675	117.60000000000001
12676	254.8
12677	460.6
12678	646.8000000000001
12679	774.2
12680	882.0000000000001
12681	960.4000000000001
12683	921.2
12684	823.2
12685	715.4000000000001
12686	558.6
12687	382.20000000000005
12688	254.8
12689	127.4
12690	49.0
12691	9.8
12692	0.0
12693	0.0
12694	0.0
12695	0.0
12696	0.0
12697	19.6
12698	49.0
12699	127.4
12700	254.8
12701	392.0
12702	411.6
12703	480.20000000000005
12704	499.8
12705	813.4000000000001
12706	715.4000000000001
12707	637.0
12709	558.6
12710	499.8
12711	441.00000000000006
12712	303.8
12713	137.20000000000002
12714	49.0
12715	9.8
12716	0.0
12717	0.0
12718	0.0
12719	0.0
12720	0.0
12721	19.6
12722	58.800000000000004
12723	137.20000000000002
12724	235.20000000000002
12725	431.20000000000005
12726	607.6
12727	735.0
12728	842.8000000000001
12729	891.8000000000001
12730	921.2
12731	882.0000000000001
12732	813.4000000000001
12733	666.4000000000001
12734	401.8
12735	294.0
12736	117.60000000000001
12737	78.4
12738	39.2
12739	9.8
12740	0.0
12741	0.0
12742	0.0
12743	0.0
12744	0.0
12745	9.8
12746	29.400000000000002
12747	68.60000000000001
12748	205.8
12749	215.60000000000002
12750	323.40000000000003
12751	294.0
12752	284.20000000000005
12753	205.8
12754	343.0
12755	333.20000000000005
12756	401.8
12757	352.8
12758	254.8
12759	225.4
12760	127.4
12761	88.2
12762	39.2
12763	19.6
12764	0.0
12765	0.0
12766	0.0
12767	0.0
12768	0.0
12769	19.6
12770	58.800000000000004
12771	117.60000000000001
12772	235.20000000000002
12773	431.20000000000005
12774	607.6
12775	735.0
12776	842.8000000000001
12777	911.4000000000001
12778	931.0000000000001
12779	901.6
12780	823.2
12781	686.0
12782	548.8000000000001
12783	382.20000000000005
12784	264.6
12785	137.20000000000002
12786	49.0
12787	19.6
12788	0.0
12789	0.0
12790	0.0
12791	0.0
12792	0.0
12793	19.6
12794	58.800000000000004
12795	117.60000000000001
12796	235.20000000000002
12797	421.40000000000003
12798	597.8000000000001
12799	715.4000000000001
12800	823.2
12801	882.0000000000001
12802	911.4000000000001
12803	882.0000000000001
12804	823.2
12805	686.0
12806	597.8000000000001
12807	460.6
12808	186.20000000000002
12809	98.0
12810	58.800000000000004
12811	19.6
12812	0.0
12813	0.0
12814	0.0
12815	0.0
12816	0.0
12817	9.8
12818	49.0
12819	107.80000000000001
12820	235.20000000000002
12821	431.20000000000005
12822	588.0
12823	686.0
12824	823.2
12825	891.8000000000001
12826	921.2
12827	891.8000000000001
12828	823.2
12829	676.2
12830	548.8000000000001
12831	382.20000000000005
12832	264.6
12833	137.20000000000002
12834	49.0
12835	19.6
12836	0.0
12837	0.0
12838	0.0
12839	0.0
12840	0.0
12841	19.6
12842	58.800000000000004
12843	117.60000000000001
12844	245.00000000000003
12845	450.8
12846	617.4000000000001
12847	744.8000000000001
12848	862.4000000000001
12849	940.8000000000001
12850	960.4000000000001
12851	931.0000000000001
12852	852.6
12853	705.6
12854	568.4000000000001
12855	392.0
12856	264.6
12857	137.20000000000002
12858	49.0
12859	9.8
12860	0.0
12861	0.0
12862	0.0
12863	0.0
12864	0.0
12865	19.6
12866	49.0
12867	107.80000000000001
12868	235.20000000000002
12869	421.40000000000003
12870	597.8000000000001
12871	705.6
12872	803.6
12873	882.0000000000001
12874	901.6
12875	862.4000000000001
12876	784.0
12877	470.40000000000003
12879	245.00000000000003
12881	117.60000000000001
12882	58.800000000000004
12883	19.6
12884	0.0
12885	0.0
12886	0.0
12887	0.0
12888	0.0
12889	19.6
12890	49.0
12891	117.60000000000001
12892	245.00000000000003
12893	431.20000000000005
12894	637.0
12895	695.8000000000001
12896	852.6
12897	931.0000000000001
12898	891.8000000000001
12899	803.6
12900	637.0
12901	548.8000000000001
12902	284.20000000000005
12903	205.8
12904	176.4
12905	58.800000000000004
12906	29.400000000000002
12907	19.6
12908	0.0
12909	0.0
12910	0.0
12911	0.0
12912	9.8
12913	39.2
12914	78.4
12915	58.800000000000004
12916	49.0
12917	107.80000000000001
12918	176.4
12919	333.20000000000005
12920	176.4
12921	245.00000000000003
12922	323.40000000000003
12923	411.6
12924	284.20000000000005
12925	264.6
12926	303.8
12927	274.40000000000003
12928	196.0
12929	39.2
12930	29.400000000000002
12931	9.8
12933	0.0
12934	0.0
12935	0.0
12936	0.0
12937	19.6
12938	58.800000000000004
12939	127.4
12940	245.00000000000003
12941	431.20000000000005
12942	519.4000000000001
12943	578.2
12944	597.8000000000001
12945	578.2
12946	891.8000000000001
12947	627.2
12948	578.2
12949	343.0
12950	274.40000000000003
12951	176.4
12952	68.60000000000001
12953	117.60000000000001
12954	49.0
12955	19.6
12956	0.0
12957	0.0
12958	0.0
12959	0.0
12960	0.0
12961	19.6
12962	58.800000000000004
12963	127.4
12964	225.4
12965	421.40000000000003
12966	597.8000000000001
12967	666.4000000000001
12968	774.2
12969	852.6
12970	882.0000000000001
12971	813.4000000000001
12972	686.0
12973	666.4000000000001
12974	509.6
12975	352.8
12976	245.00000000000003
12977	137.20000000000002
12978	58.800000000000004
12979	19.6
12980	0.0
12981	0.0
12982	0.0
12983	0.0
12984	0.0
12985	19.6
12986	58.800000000000004
12987	107.80000000000001
12988	215.60000000000002
12989	401.8
12990	372.40000000000003
12991	411.6
12992	774.2
12993	872.2
12995	833.0000000000001
12996	774.2
12997	637.0
12998	509.6
12999	362.6
13000	245.00000000000003
13001	137.20000000000002
13002	58.800000000000004
13003	19.6
13004	0.0
13005	0.0
13006	0.0
13007	0.0
13008	0.0
13009	19.6
13010	49.0
13011	117.60000000000001
13012	205.8
13013	392.0
13014	568.4000000000001
13015	686.0
13016	793.8000000000001
13017	882.0000000000001
13019	842.8000000000001
13020	774.2
13021	646.8000000000001
13022	568.4000000000001
13023	294.0
13024	225.4
13025	117.60000000000001
13026	49.0
13027	19.6
13028	0.0
13029	0.0
13030	0.0
13031	0.0
13032	0.0
13033	19.6
13034	49.0
13035	98.0
13036	215.60000000000002
13037	401.8
13038	578.2
13039	695.8000000000001
13040	803.6
13041	872.2
13042	891.8000000000001
13043	862.4000000000001
13044	784.0
13045	656.6
13046	519.4000000000001
13047	274.40000000000003
13048	225.4
13049	68.60000000000001
13050	29.400000000000002
13051	19.6
13052	9.8
13053	0.0
13054	0.0
13055	0.0
13056	0.0
13057	19.6
13058	29.400000000000002
13059	68.60000000000001
13060	186.20000000000002
13061	421.40000000000003
13062	597.8000000000001
13063	764.4000000000001
13064	715.4000000000001
13065	695.8000000000001
13066	940.8000000000001
13067	842.8000000000001
13068	774.2
13069	235.20000000000002
13070	98.0
13072	39.2
13074	19.6
13075	0.0
13076	0.0
13077	0.0
13078	0.0
13079	0.0
13080	0.0
13081	0.0
13082	9.8
13084	68.60000000000001
13085	147.0
13086	215.60000000000002
13087	254.8
13088	245.00000000000003
13089	205.8
13090	225.4
13091	254.8
13092	215.60000000000002
13093	303.8
13094	323.40000000000003
13095	196.0
13096	215.60000000000002
13097	127.4
13098	29.400000000000002
13099	9.8
13100	0.0
13101	0.0
13102	0.0
13103	0.0
13104	0.0
13105	19.6
13106	58.800000000000004
13107	107.80000000000001
13108	137.20000000000002
13109	205.8
13110	333.20000000000005
13111	264.6
13112	333.20000000000005
13113	303.8
13114	284.20000000000005
13115	480.20000000000005
13116	333.20000000000005
13117	127.4
13118	98.0
13119	107.80000000000001
13120	78.4
13121	29.400000000000002
13122	39.2
13123	9.8
13124	0.0
13125	0.0
13126	0.0
13127	0.0
13128	0.0
13129	19.6
13130	39.2
13131	78.4
13132	166.60000000000002
13133	352.8
13134	441.00000000000006
13135	597.8000000000001
13136	666.4000000000001
13137	842.8000000000001
13138	627.2
13139	607.6
13140	637.0
13141	754.6
13142	578.2
13143	441.00000000000006
13144	176.4
13145	166.60000000000002
13146	78.4
13147	19.6
13148	0.0
13149	0.0
13150	0.0
13151	0.0
13152	0.0
13153	19.6
13154	88.2
13155	137.20000000000002
13156	215.60000000000002
13157	343.0
13158	548.8000000000001
13159	460.6
13160	735.0
13161	695.8000000000001
13162	176.4
13163	401.8
13164	725.2
13165	254.8
13166	529.2
13167	333.20000000000005
13168	196.0
13169	127.4
13170	58.800000000000004
13171	9.8
13172	0.0
13173	0.0
13174	0.0
13175	0.0
13176	0.0
13177	9.8
13178	58.800000000000004
13179	117.60000000000001
13180	205.8
13181	323.40000000000003
13182	607.6
13183	676.2
13184	225.4
13185	274.40000000000003
13186	156.8
13187	264.6
13188	372.40000000000003
13189	117.60000000000001
13190	107.80000000000001
13191	117.60000000000001
13192	88.2
13193	68.60000000000001
13194	39.2
13195	9.8
13196	0.0
13197	0.0
13198	0.0
13199	0.0
13200	0.0
13201	0.0
13202	9.8
13203	29.400000000000002
13204	88.2
13205	235.20000000000002
13206	333.20000000000005
13207	352.8
13208	431.20000000000005
13209	480.20000000000005
13210	744.8000000000001
13211	294.0
13212	715.4000000000001
13213	627.2
13214	470.40000000000003
13215	411.6
13216	294.0
13217	147.0
13218	49.0
13219	9.8
13220	0.0
13221	0.0
13222	0.0
13223	0.0
13224	0.0
13225	9.8
13226	49.0
13227	98.0
13228	176.4
13229	313.6
13230	421.40000000000003
13231	480.20000000000005
13232	362.6
13233	460.6
13234	764.4000000000001
13235	499.8
13236	303.8
13237	176.4
13238	156.8
13239	107.80000000000001
13240	78.4
13241	39.2
13242	19.6
13243	9.8
13244	0.0
13245	0.0
13246	0.0
13247	0.0
13248	0.0
13249	0.0
13250	9.8
13251	29.400000000000002
13252	39.2
13253	98.0
13254	156.8
13255	274.40000000000003
13256	225.4
13257	205.8
13258	166.60000000000002
13259	323.40000000000003
13260	313.6
13261	382.20000000000005
13262	235.20000000000002
13263	156.8
13264	117.60000000000001
13265	68.60000000000001
13266	19.6
13267	0.0
13268	0.0
13269	0.0
13270	0.0
13271	0.0
13272	0.0
13273	9.8
13274	29.400000000000002
13275	68.60000000000001
13276	137.20000000000002
13277	235.20000000000002
13278	411.6
13279	519.4000000000001
13280	401.8
13281	343.0
13282	450.8
13283	343.0
13284	617.4000000000001
13285	803.6
13286	529.2
13287	372.40000000000003
13288	245.00000000000003
13289	98.0
13290	29.400000000000002
13291	19.6
13292	0.0
13293	0.0
13294	0.0
13295	0.0
13296	0.0
13297	0.0
13298	49.0
13299	107.80000000000001
13300	196.0
13301	264.6
13302	245.00000000000003
13303	254.8
13304	401.8
13305	382.20000000000005
13306	637.0
13307	558.6
13308	548.8000000000001
13309	421.40000000000003
13310	450.8
13311	362.6
13312	264.6
13313	127.4
13314	88.2
13315	19.6
13316	0.0
13317	0.0
13318	0.0
13319	0.0
13320	0.0
13321	19.6
13322	58.800000000000004
13323	98.0
13324	137.20000000000002
13325	176.4
13326	284.20000000000005
13327	274.40000000000003
13328	333.20000000000005
13329	431.20000000000005
13330	666.4000000000001
13331	558.6
13332	646.8000000000001
13333	529.2
13334	480.20000000000005
13335	196.0
13336	166.60000000000002
13337	98.0
13338	58.800000000000004
13339	9.8
13340	0.0
13341	0.0
13342	0.0
13343	0.0
13344	0.0
13345	19.6
13346	58.800000000000004
13347	137.20000000000002
13348	166.60000000000002
13349	499.8
13350	548.8000000000001
13351	627.2
13352	764.4000000000001
13353	578.2
13354	686.0
13355	284.20000000000005
13356	617.4000000000001
13357	519.4000000000001
13358	303.8
13359	156.8
13360	49.0
13361	58.800000000000004
13362	39.2
13363	9.8
13364	0.0
13365	0.0
13366	0.0
13367	0.0
13368	0.0
13369	9.8
13370	49.0
13371	98.0
13372	215.60000000000002
13373	294.0
13374	450.8
13375	578.2
13377	558.6
13378	480.20000000000005
13379	627.2
13380	539.0
13381	264.6
13382	225.4
13383	156.8
13384	107.80000000000001
13385	68.60000000000001
13386	29.400000000000002
13387	0.0
13388	0.0
13389	0.0
13390	0.0
13391	0.0
13392	0.0
13393	0.0
13394	19.6
13395	49.0
13396	58.800000000000004
13397	98.0
13398	186.20000000000002
13399	156.8
13400	117.60000000000001
13401	186.20000000000002
13402	588.0
13403	490.00000000000006
13404	441.00000000000006
13405	480.20000000000005
13407	186.20000000000002
13408	137.20000000000002
13409	88.2
13410	98.0
13411	19.6
13412	0.0
13413	0.0
13414	0.0
13415	0.0
13416	0.0
13417	9.8
13418	29.400000000000002
13419	49.0
13420	107.80000000000001
13421	117.60000000000001
13422	225.4
13423	372.40000000000003
13424	509.6
13425	480.20000000000005
13426	656.6
13427	793.8000000000001
13428	803.6
13429	676.2
13430	460.6
13431	421.40000000000003
13432	284.20000000000005
13433	78.4
13434	49.0
13435	19.6
13436	0.0
13437	0.0
13438	0.0
13439	0.0
13440	0.0
13441	9.8
13442	39.2
13443	68.60000000000001
13444	117.60000000000001
13445	78.4
13446	147.0
13447	245.00000000000003
13448	588.0
13449	294.0
13450	441.00000000000006
13451	254.8
13452	294.0
13453	382.20000000000005
13454	352.8
13455	372.40000000000003
13456	186.20000000000002
13457	117.60000000000001
13458	49.0
13459	19.6
13460	0.0
13461	0.0
13462	0.0
13463	0.0
13464	0.0
13465	9.8
13466	39.2
13467	98.0
13468	215.60000000000002
13469	245.00000000000003
13470	333.20000000000005
13471	519.4000000000001
13472	676.2
13473	901.6
13474	872.2
13475	813.4000000000001
13476	911.4000000000001
13477	578.2
13478	127.4
13479	421.40000000000003
13480	245.00000000000003
13481	127.4
13482	29.400000000000002
13483	9.8
13484	0.0
13485	0.0
13486	0.0
13487	0.0
13488	0.0
13489	9.8
13490	39.2
13491	117.60000000000001
13492	215.60000000000002
13493	382.20000000000005
13494	568.4000000000001
13495	705.6
13496	813.4000000000001
13497	882.0000000000001
13498	940.8000000000001
13499	852.6
13500	568.4000000000001
13501	499.8
13502	539.0
13503	352.8
13504	264.6
13505	68.60000000000001
13506	29.400000000000002
13507	9.8
13508	0.0
13509	0.0
13510	0.0
13511	0.0
13512	0.0
13513	0.0
13514	9.8
13515	39.2
13516	78.4
13517	156.8
13518	225.4
13519	156.8
13520	176.4
13521	303.8
13522	362.6
13523	196.0
13524	254.8
13525	58.800000000000004
13526	88.2
13527	58.800000000000004
13528	49.0
13529	29.400000000000002
13530	9.8
13531	0.0
13532	0.0
13533	0.0
13534	0.0
13535	0.0
13536	0.0
13537	9.8
13538	39.2
13539	107.80000000000001
13540	176.4
13541	392.0
13542	372.40000000000003
13543	519.4000000000001
13544	715.4000000000001
13545	539.0
13546	764.4000000000001
13547	686.0
13548	509.6
13549	431.20000000000005
13550	205.8
13551	235.20000000000002
13552	88.2
13553	9.8
13555	19.6
13556	0.0
13557	0.0
13558	0.0
13559	0.0
13560	0.0
13561	0.0
13562	19.6
13563	49.0
13564	58.800000000000004
13565	156.8
13566	352.8
13567	686.0
13568	695.8000000000001
13569	646.8000000000001
13570	676.2
13571	823.2
13572	833.0000000000001
13573	558.6
13574	499.8
13575	294.0
13576	147.0
13577	49.0
13578	9.8
13579	0.0
13580	0.0
13581	0.0
13582	0.0
13583	0.0
13584	0.0
13585	0.0
13586	9.8
13587	39.2
13588	78.4
13589	225.4
13590	176.4
13591	274.40000000000003
13592	323.40000000000003
13593	176.4
13594	372.40000000000003
13595	392.0
13596	196.0
13597	245.00000000000003
13598	235.20000000000002
13599	137.20000000000002
13600	196.0
13601	107.80000000000001
13602	39.2
13603	9.8
13604	0.0
13605	0.0
13606	0.0
13607	0.0
13608	0.0
13609	0.0
13610	19.6
13611	88.2
13612	166.60000000000002
13614	205.8
13615	225.4
13616	274.40000000000003
13617	284.20000000000005
13618	343.0
13619	411.6
13621	362.6
13622	421.40000000000003
13623	274.40000000000003
13624	127.4
13625	78.4
13626	29.400000000000002
13627	9.8
13628	0.0
13629	0.0
13630	0.0
13631	0.0
13632	0.0
13633	0.0
13634	49.0
13635	78.4
13636	98.0
13637	245.00000000000003
13638	313.6
13639	294.0
13640	313.6
13641	294.0
13642	274.40000000000003
13643	303.8
13644	411.6
13645	480.20000000000005
13646	382.20000000000005
13647	254.8
13648	186.20000000000002
13649	88.2
13650	49.0
13651	9.8
13652	0.0
13653	0.0
13654	0.0
13655	0.0
13656	0.0
13657	0.0
13658	0.0
13659	58.800000000000004
13660	98.0
13661	176.4
13662	147.0
13663	254.8
13664	274.40000000000003
13665	382.20000000000005
13666	343.0
13667	617.4000000000001
13668	323.40000000000003
13669	401.8
13672	186.20000000000002
13673	107.80000000000001
13674	39.2
13675	9.8
13676	0.0
13677	0.0
13678	0.0
13679	0.0
13680	0.0
13681	0.0
13682	0.0
13683	29.400000000000002
13684	68.60000000000001
13685	98.0
13688	117.60000000000001
13689	215.60000000000002
13690	176.4
13691	117.60000000000001
13692	127.4
13694	117.60000000000001
13695	98.0
13696	49.0
13697	29.400000000000002
13698	9.8
13699	0.0
13700	0.0
13701	0.0
13702	0.0
13703	0.0
13704	0.0
13705	0.0
13706	9.8
13707	39.2
13708	127.4
13709	98.0
13710	156.8
13711	254.8
13712	382.20000000000005
13713	529.2
13714	333.20000000000005
13715	284.20000000000005
13716	460.6
13717	362.6
13718	323.40000000000003
13720	245.00000000000003
13721	107.80000000000001
13722	29.400000000000002
13723	0.0
13724	0.0
13725	0.0
13726	0.0
13727	0.0
13728	0.0
13729	0.0
13730	19.6
13731	78.4
13732	176.4
13733	284.20000000000005
13734	392.0
13735	646.8000000000001
13736	764.4000000000001
13737	813.4000000000001
13738	823.2
13739	450.8
13740	421.40000000000003
13741	313.6
13742	254.8
13743	98.0
13744	39.2
13745	9.8
13746	0.0
13747	0.0
13748	0.0
13749	0.0
13750	0.0
13751	0.0
13752	0.0
13753	0.0
13754	9.8
13756	19.6
13758	88.2
13759	352.8
13760	392.0
13761	470.40000000000003
13762	588.0
13763	823.2
13764	784.0
13765	656.6
13766	499.8
13767	323.40000000000003
13768	245.00000000000003
13769	68.60000000000001
13770	29.400000000000002
13771	0.0
13772	0.0
13773	0.0
13774	0.0
13775	0.0
13776	0.0
13777	0.0
13778	29.400000000000002
13779	68.60000000000001
13780	156.8
13781	323.40000000000003
13782	480.20000000000005
13783	686.0
13784	431.20000000000005
13785	362.6
13786	490.00000000000006
13787	450.8
13788	274.40000000000003
13789	166.60000000000002
13790	186.20000000000002
13791	127.4
13792	68.60000000000001
13793	49.0
13794	19.6
13795	0.0
13796	0.0
13797	0.0
13798	0.0
13799	0.0
13800	0.0
13801	0.0
13802	9.8
13803	39.2
13804	176.4
13805	215.60000000000002
13806	313.6
13807	548.8000000000001
13808	568.4000000000001
13809	686.0
13810	676.2
13811	803.6
13812	764.4000000000001
13813	372.40000000000003
13814	480.20000000000005
13815	333.20000000000005
13816	235.20000000000002
13817	137.20000000000002
13818	29.400000000000002
13819	0.0
13820	0.0
13821	0.0
13822	0.0
13823	0.0
13824	0.0
13825	0.0
13826	9.8
13827	0.0
13828	29.400000000000002
13829	78.4
13830	98.0
13831	166.60000000000002
13832	274.40000000000003
13833	284.20000000000005
13834	127.4
13835	78.4
13836	107.80000000000001
13837	78.4
13838	58.800000000000004
13839	88.2
13840	127.4
13841	88.2
13842	9.8
13843	0.0
13844	0.0
13845	0.0
13846	0.0
13847	0.0
13848	0.0
13849	0.0
13850	0.0
13851	19.6
13852	29.400000000000002
13853	58.800000000000004
13854	88.2
13855	147.0
13856	245.00000000000003
13857	362.6
13858	656.6
13859	793.8000000000001
13860	754.6
13861	617.4000000000001
13862	470.40000000000003
13863	313.6
13864	196.0
13865	88.2
13866	19.6
13867	0.0
13868	0.0
13869	0.0
13870	0.0
13871	0.0
13872	0.0
13873	0.0
13874	29.400000000000002
13875	137.20000000000002
13876	88.2
13877	98.0
13878	235.20000000000002
13879	274.40000000000003
13880	499.8
13881	793.8000000000001
13882	833.0000000000001
13883	735.0
13885	597.8000000000001
13886	450.8
13887	303.8
13888	186.20000000000002
13889	78.4
13890	9.8
13891	0.0
13892	0.0
13893	0.0
13894	0.0
13895	0.0
13896	0.0
13897	0.0
13898	29.400000000000002
13899	68.60000000000001
13900	166.60000000000002
13901	254.8
13902	470.40000000000003
13903	558.6
13904	450.8
13905	323.40000000000003
13906	441.00000000000006
13907	343.0
13908	392.0
13909	215.60000000000002
13910	68.60000000000001
13911	98.0
13913	29.400000000000002
13914	9.8
13915	0.0
13916	0.0
13917	0.0
13918	0.0
13919	0.0
13920	0.0
13921	0.0
13922	0.0
13923	9.8
13924	29.400000000000002
13925	58.800000000000004
13926	68.60000000000001
13927	107.80000000000001
13929	127.4
13930	117.60000000000001
13931	137.20000000000002
13932	156.8
13933	166.60000000000002
13934	147.0
13935	156.8
13936	78.4
13937	29.400000000000002
13938	9.8
13939	0.0
13940	0.0
13941	0.0
13942	0.0
13943	0.0
13944	0.0
13945	0.0
13946	0.0
13947	29.400000000000002
13948	39.2
13949	117.60000000000001
13950	176.4
13951	215.60000000000002
13952	225.4
13953	235.20000000000002
13954	245.00000000000003
13955	264.6
13956	401.8
13957	225.4
13958	176.4
13959	147.0
13960	88.2
13961	39.2
13962	9.8
13963	0.0
13964	0.0
13965	0.0
13966	0.0
13967	0.0
13968	0.0
13969	0.0
13970	9.8
13971	49.0
13972	137.20000000000002
13973	303.8
13974	450.8
13975	392.0
13976	450.8
13977	392.0
13978	460.6
13979	382.20000000000005
13980	352.8
13981	372.40000000000003
13982	401.8
13983	176.4
13984	58.800000000000004
13985	29.400000000000002
13986	0.0
13987	0.0
13988	0.0
13989	0.0
13990	0.0
13991	0.0
13992	0.0
13993	0.0
13994	9.8
13996	58.800000000000004
13997	117.60000000000001
13998	156.8
13999	333.20000000000005
14000	568.4000000000001
14001	666.4000000000001
14002	441.00000000000006
14003	401.8
14005	303.8
14006	352.8
14007	245.00000000000003
14008	88.2
14009	29.400000000000002
14010	9.8
14011	0.0
14012	0.0
14013	0.0
14014	0.0
14015	0.0
14016	0.0
14017	0.0
14018	9.8
14019	39.2
14020	107.80000000000001
14021	196.0
14022	303.8
14023	519.4000000000001
14024	715.4000000000001
14025	784.0
14026	823.2
14027	607.6
14028	480.20000000000005
14029	548.8000000000001
14030	411.6
14031	274.40000000000003
14032	127.4
14033	49.0
14034	9.8
14035	0.0
14036	0.0
14037	0.0
14038	0.0
14039	0.0
14040	0.0
14041	0.0
14042	9.8
14043	39.2
14044	117.60000000000001
14045	333.20000000000005
14046	235.20000000000002
14047	274.40000000000003
14048	421.40000000000003
14049	352.8
14050	588.0
14051	137.20000000000002
14052	313.6
14053	176.4
14054	68.60000000000001
14055	98.0
14056	78.4
14057	19.6
14058	9.8
14059	0.0
14060	0.0
14061	0.0
14062	0.0
14063	0.0
14064	0.0
14065	0.0
14066	9.8
14067	29.400000000000002
14068	98.0
14069	205.8
14070	382.20000000000005
14071	186.20000000000002
14072	431.20000000000005
14073	803.6
14074	362.6
14075	401.8
14076	568.4000000000001
14077	294.0
14078	284.20000000000005
14079	294.0
14080	166.60000000000002
14081	58.800000000000004
14082	9.8
14083	0.0
14084	0.0
14085	0.0
14086	0.0
14087	0.0
14088	0.0
14089	0.0
14090	9.8
14091	39.2
14092	127.4
14093	284.20000000000005
14094	460.6
14095	617.4000000000001
14096	735.0
14097	803.6
14098	823.2
14099	784.0
14100	686.0
14101	539.0
14102	401.8
14103	274.40000000000003
14104	156.8
14105	58.800000000000004
14106	9.8
14107	0.0
14108	0.0
14109	0.0
14110	0.0
14111	0.0
14112	0.0
14113	0.0
14114	9.8
14115	39.2
14116	127.4
14117	264.6
14118	411.6
14119	352.8
14120	441.00000000000006
14121	529.2
14122	431.20000000000005
14123	480.20000000000005
14124	343.0
14125	480.20000000000005
14126	392.0
14127	186.20000000000002
14128	98.0
14129	29.400000000000002
14130	9.8
14131	0.0
14132	0.0
14133	0.0
14134	0.0
14135	0.0
14136	0.0
14137	0.0
14138	9.8
14139	39.2
14140	58.800000000000004
14141	215.60000000000002
14142	254.8
14143	294.0
14144	646.8000000000001
14145	784.0
14146	813.4000000000001
14147	774.2
14148	666.4000000000001
14149	529.2
14150	382.20000000000005
14151	254.8
14152	137.20000000000002
14153	39.2
14154	0.0
14155	0.0
14156	0.0
14157	0.0
14158	0.0
14159	0.0
14160	0.0
14161	0.0
14162	9.8
14163	29.400000000000002
14164	127.4
14165	225.4
14166	117.60000000000001
14167	147.0
14168	205.8
14169	323.40000000000003
14170	245.00000000000003
14171	303.8
14172	519.4000000000001
14173	303.8
14174	284.20000000000005
14175	147.0
14176	39.2
14177	9.8
14178	0.0
14179	0.0
14180	0.0
14181	0.0
14182	0.0
14183	0.0
14184	0.0
14185	0.0
14186	0.0
14187	19.6
14188	68.60000000000001
14189	137.20000000000002
14190	225.4
14191	274.40000000000003
14192	284.20000000000005
14193	450.8
14194	578.2
14195	558.6
14196	470.40000000000003
14197	372.40000000000003
14198	264.6
14199	205.8
14200	137.20000000000002
14201	49.0
14202	9.8
14203	0.0
14204	0.0
14205	0.0
14206	0.0
14207	0.0
14208	0.0
14209	0.0
14210	0.0
14211	9.8
14212	19.6
14213	39.2
14214	98.0
14215	225.4
14216	215.60000000000002
14218	147.0
14219	107.80000000000001
14220	98.0
14221	58.800000000000004
14222	39.2
14223	29.400000000000002
14224	19.6
14225	0.0
14226	0.0
14227	0.0
14228	0.0
14229	0.0
14230	0.0
14231	0.0
14232	0.0
14233	0.0
14234	0.0
14235	39.2
14236	78.4
14237	166.60000000000002
14238	254.8
14239	284.20000000000005
14240	558.6
14241	578.2
14242	607.6
14243	421.40000000000003
14245	450.8
14246	284.20000000000005
14247	235.20000000000002
14248	117.60000000000001
14249	39.2
14250	0.0
14251	0.0
14252	0.0
14253	0.0
14254	0.0
14255	0.0
14256	0.0
14257	0.0
14258	0.0
14259	29.400000000000002
14260	107.80000000000001
14261	245.00000000000003
14262	411.6
14263	578.2
14264	686.0
14265	744.8000000000001
14266	754.6
14267	715.4000000000001
14268	627.2
14269	490.00000000000006
14270	343.0
14271	225.4
14272	117.60000000000001
14273	29.400000000000002
14274	0.0
14275	0.0
14276	0.0
14277	0.0
14278	0.0
14279	0.0
14280	0.0
14281	0.0
14282	0.0
14283	29.400000000000002
14284	98.0
14285	254.8
14286	382.20000000000005
14287	421.40000000000003
14288	568.4000000000001
14289	695.8000000000001
14290	705.6
14291	656.6
14292	578.2
14293	460.6
14294	313.6
14295	196.0
14296	78.4
14297	29.400000000000002
14298	0.0
14299	0.0
14300	0.0
14301	0.0
14302	0.0
14303	0.0
14304	0.0
14305	0.0
14306	0.0
14307	29.400000000000002
14308	88.2
14309	225.4
14310	352.8
14311	558.6
14312	519.4000000000001
14313	627.2
14314	646.8000000000001
14315	774.2
14316	588.0
14317	470.40000000000003
14318	264.6
14319	98.0
14320	78.4
14321	58.800000000000004
14322	0.0
14323	0.0
14324	0.0
14325	0.0
14326	0.0
14327	0.0
14328	0.0
14329	0.0
14330	0.0
14331	9.8
14332	39.2
14333	78.4
14334	166.60000000000002
14335	470.40000000000003
14336	568.4000000000001
14337	725.2
14338	656.6
14339	666.4000000000001
14340	617.4000000000001
14341	490.00000000000006
14342	215.60000000000002
14343	117.60000000000001
14344	107.80000000000001
14345	19.6
14346	0.0
14347	0.0
14348	0.0
14349	0.0
14350	0.0
14351	0.0
14352	0.0
14353	0.0
14354	0.0
14355	19.6
14356	98.0
14357	245.00000000000003
14358	343.0
14359	519.4000000000001
14360	637.0
14361	480.20000000000005
14362	597.8000000000001
14363	529.2
14364	362.6
14365	294.0
14366	205.8
14367	107.80000000000001
14368	39.2
14369	19.6
14370	0.0
14371	0.0
14372	0.0
14373	0.0
14374	0.0
14375	0.0
14376	0.0
14377	0.0
14378	0.0
14379	19.6
14380	88.2
14381	156.8
14382	245.00000000000003
14383	137.20000000000002
14384	215.60000000000002
14385	245.00000000000003
14386	284.20000000000005
14387	235.20000000000002
14389	313.6
14390	323.40000000000003
14391	78.4
14392	19.6
14393	9.8
14394	0.0
14395	0.0
14396	0.0
14397	0.0
14398	0.0
14399	0.0
14400	0.0
14401	0.0
14402	0.0
14403	19.6
14404	39.2
14405	68.60000000000001
14406	156.8
14407	196.0
14408	264.6
14409	245.00000000000003
14410	254.8
14411	235.20000000000002
14412	254.8
14413	127.4
14414	29.400000000000002
14415	49.0
14416	68.60000000000001
14417	29.400000000000002
14418	0.0
14419	0.0
14420	0.0
14421	0.0
14422	0.0
14423	0.0
14424	0.0
14425	0.0
14426	0.0
14427	19.6
14428	68.60000000000001
14429	196.0
14430	235.20000000000002
14431	372.40000000000003
14432	362.6
14433	519.4000000000001
14434	793.8000000000001
14435	666.4000000000001
14436	294.0
14437	284.20000000000005
14438	176.4
14439	98.0
14440	39.2
14441	9.8
14442	0.0
14443	0.0
14444	0.0
14445	0.0
14446	0.0
14447	0.0
14448	0.0
14449	0.0
14450	0.0
14451	9.8
14452	39.2
14453	98.0
14454	156.8
14455	274.40000000000003
14456	215.60000000000002
14457	205.8
14458	156.8
14459	137.20000000000002
14460	147.0
14461	117.60000000000001
14462	166.60000000000002
14464	39.2
14465	9.8
14466	0.0
14467	0.0
14468	0.0
14469	0.0
14470	0.0
14471	0.0
14472	0.0
14473	0.0
14474	0.0
14475	9.8
14476	29.400000000000002
14477	107.80000000000001
14478	284.20000000000005
14479	294.0
14480	627.2
14481	176.4
14482	264.6
14483	303.8
14484	186.20000000000002
14485	147.0
14486	117.60000000000001
14487	98.0
14488	68.60000000000001
14489	9.8
14490	0.0
14491	0.0
14492	0.0
14493	0.0
14494	0.0
14495	0.0
14496	0.0
14497	0.0
14498	0.0
14499	19.6
14500	68.60000000000001
14501	166.60000000000002
14502	431.20000000000005
14503	284.20000000000005
14504	382.20000000000005
14505	460.6
14506	490.00000000000006
14507	196.0
14508	519.4000000000001
14509	225.4
14510	166.60000000000002
14511	196.0
14512	68.60000000000001
14513	9.8
14514	0.0
14515	0.0
14516	0.0
14517	0.0
14518	0.0
14519	0.0
14520	0.0
14521	0.0
14522	0.0
14523	19.6
14524	58.800000000000004
14525	127.4
14526	176.4
14527	284.20000000000005
14528	519.4000000000001
14529	686.0
14531	656.6
14532	568.4000000000001
14533	431.20000000000005
14534	284.20000000000005
14535	147.0
14536	58.800000000000004
14537	9.8
14538	0.0
14539	0.0
14540	0.0
14541	0.0
14542	0.0
14543	0.0
14544	0.0
14545	0.0
14546	0.0
14547	0.0
14548	29.400000000000002
14549	78.4
14550	156.8
14551	176.4
14552	147.0
14553	186.20000000000002
14554	480.20000000000005
14555	499.8
14556	372.40000000000003
14557	343.0
14558	245.00000000000003
14559	98.0
14560	29.400000000000002
14561	9.8
14562	0.0
14563	0.0
14564	0.0
14565	0.0
14566	0.0
14567	0.0
14568	0.0
14569	0.0
14570	0.0
14571	0.0
14572	19.6
14573	49.0
14574	117.60000000000001
14575	166.60000000000002
14576	362.6
14577	509.6
14578	450.8
14579	627.2
14580	411.6
14581	490.00000000000006
14582	323.40000000000003
14583	156.8
14584	29.400000000000002
14585	0.0
14586	0.0
14587	0.0
14588	0.0
14589	0.0
14590	0.0
14591	0.0
14592	0.0
14593	0.0
14594	0.0
14595	9.8
14596	58.800000000000004
14597	147.0
14598	274.40000000000003
14599	480.20000000000005
14600	558.6
14601	441.00000000000006
14602	529.2
14603	686.0
14604	548.8000000000001
14605	411.6
14606	264.6
14607	166.60000000000002
14608	49.0
14609	0.0
14610	0.0
14611	0.0
14612	0.0
14613	0.0
14614	0.0
20421	0.0
20422	0.0
20423	0.0
20424	9.8
20425	49.0
20426	78.4
20427	196.0
20428	372.40000000000003
20430	686.0
20431	617.4000000000001
20432	862.4000000000001
20433	813.4000000000001
20434	323.40000000000003
20435	225.4
20436	245.00000000000003
20437	186.20000000000002
20438	107.80000000000001
20439	49.0
20440	9.8
20441	0.0
20442	0.0
20443	0.0
20444	0.0
20445	0.0
20446	0.0
20447	0.0
20448	9.8
20449	49.0
20450	147.0
20451	313.6
20452	450.8
20453	254.8
20454	274.40000000000003
20455	294.0
20456	382.20000000000005
20457	303.8
20458	411.6
20459	333.20000000000005
20460	215.60000000000002
20461	117.60000000000001
20462	166.60000000000002
20463	58.800000000000004
20464	9.8
20465	0.0
20466	0.0
20467	0.0
20468	0.0
20469	0.0
20470	0.0
20471	0.0
20472	19.6
20473	49.0
20474	107.80000000000001
20475	166.60000000000002
20476	303.8
20477	421.40000000000003
20478	519.4000000000001
20479	529.2
20481	539.0
20482	382.20000000000005
20484	303.8
20485	235.20000000000002
20486	156.8
20487	39.2
20488	9.8
20489	0.0
20490	0.0
20491	0.0
20492	0.0
20493	0.0
20494	0.0
20495	0.0
20496	9.8
20497	58.800000000000004
20498	88.2
20500	137.20000000000002
20501	382.20000000000005
20502	607.6
20503	313.6
20504	235.20000000000002
20505	558.6
20506	548.8000000000001
20507	460.6
20508	225.4
20509	107.80000000000001
20510	98.0
20511	39.2
20512	0.0
20513	0.0
20514	0.0
20515	0.0
20516	0.0
20517	0.0
20518	0.0
20519	0.0
20520	9.8
20521	68.60000000000001
20522	186.20000000000002
20523	392.0
20524	558.6
20525	646.8000000000001
20526	617.4000000000001
20527	313.6
20528	558.6
20529	676.2
20530	382.20000000000005
20531	490.00000000000006
20532	372.40000000000003
20533	294.0
20534	176.4
20535	58.800000000000004
20536	9.8
20537	0.0
20538	0.0
20539	0.0
20540	0.0
20541	0.0
20542	0.0
20543	0.0
20544	19.6
20545	58.800000000000004
20546	166.60000000000002
20547	323.40000000000003
20548	490.00000000000006
20549	656.6
20550	725.2
20551	676.2
20552	793.8000000000001
20553	607.6
20554	568.4000000000001
20555	411.6
20556	450.8
20557	274.40000000000003
20558	156.8
20559	78.4
20560	19.6
20561	0.0
20562	0.0
20563	0.0
20564	0.0
20565	0.0
20566	0.0
20567	0.0
20568	19.6
20569	58.800000000000004
20570	166.60000000000002
20571	323.40000000000003
20572	499.8
20573	676.2
20574	568.4000000000001
20575	705.6
20576	558.6
20577	382.20000000000005
20578	480.20000000000005
20579	411.6
20581	225.4
20582	176.4
20583	39.2
20584	9.8
20585	0.0
20586	0.0
20587	0.0
20588	0.0
20589	0.0
20590	0.0
20591	0.0
20592	19.6
20593	58.800000000000004
20594	147.0
20595	294.0
20596	313.6
20597	431.20000000000005
20598	480.20000000000005
20599	176.4
20600	480.20000000000005
20601	352.8
20602	156.8
20603	176.4
20604	186.20000000000002
20605	137.20000000000002
20606	196.0
20607	58.800000000000004
20608	19.6
20609	0.0
20610	0.0
20611	0.0
20612	0.0
20613	0.0
20614	0.0
20615	0.0
20616	29.400000000000002
20617	88.2
20618	107.80000000000001
20619	166.60000000000002
20620	284.20000000000005
20621	333.20000000000005
20622	431.20000000000005
20623	519.4000000000001
20624	401.8
20625	323.40000000000003
20626	372.40000000000003
20627	176.4
20628	274.40000000000003
20629	254.8
20630	176.4
20631	68.60000000000001
20632	19.6
20633	0.0
20634	0.0
20635	0.0
20636	0.0
20637	0.0
20638	0.0
20639	0.0
20640	19.6
20641	68.60000000000001
20642	98.0
20643	215.60000000000002
20644	490.00000000000006
20645	676.2
20646	774.2
20647	813.4000000000001
20648	715.4000000000001
20649	754.6
20650	588.0
20651	539.0
20652	235.20000000000002
20653	156.8
20654	58.800000000000004
20655	9.8
20656	0.0
20657	0.0
20658	0.0
20659	0.0
20660	0.0
20661	0.0
20662	0.0
20663	0.0
20664	19.6
20665	68.60000000000001
20666	176.4
20667	343.0
20668	480.20000000000005
20669	646.8000000000001
20670	705.6
20671	744.8000000000001
20672	686.0
20673	744.8000000000001
20674	607.6
20675	480.20000000000005
20676	382.20000000000005
20677	323.40000000000003
20678	186.20000000000002
20679	78.4
20680	9.8
20681	0.0
20682	0.0
20683	0.0
20684	0.0
20685	0.0
20686	0.0
20687	0.0
20688	29.400000000000002
20689	78.4
20690	147.0
20691	284.20000000000005
20692	323.40000000000003
20693	313.6
20694	372.40000000000003
20695	450.8
20696	509.6
20697	254.8
20698	117.60000000000001
20699	107.80000000000001
20700	78.4
20701	68.60000000000001
20702	39.2
20703	9.8
20704	0.0
20705	0.0
20706	0.0
20707	0.0
20708	0.0
20709	0.0
20710	0.0
20711	0.0
20712	0.0
20713	19.6
20714	49.0
20715	58.800000000000004
20717	88.2
20718	98.0
20720	127.4
20721	147.0
20722	117.60000000000001
20723	137.20000000000002
20724	117.60000000000001
20725	88.2
20726	39.2
20727	29.400000000000002
20728	0.0
20729	0.0
20730	0.0
20731	0.0
20732	0.0
20733	0.0
20734	0.0
20735	0.0
20736	9.8
20737	29.400000000000002
20738	49.0
20739	137.20000000000002
20740	196.0
20741	225.4
20742	313.6
20743	529.2
20744	793.8000000000001
20745	735.0
20746	637.0
20747	441.00000000000006
20748	382.20000000000005
20749	323.40000000000003
20750	186.20000000000002
20751	78.4
20752	29.400000000000002
20753	0.0
20754	0.0
20755	0.0
20756	0.0
20757	0.0
20758	0.0
20759	0.0
20760	19.6
20761	68.60000000000001
20762	107.80000000000001
20763	264.6
20764	294.0
20765	499.8
20766	637.0
20767	735.0
20768	764.4000000000001
20769	715.4000000000001
20770	784.0
20771	411.6
20772	470.40000000000003
20773	137.20000000000002
20774	58.800000000000004
20775	19.6
20776	9.8
20777	0.0
20778	0.0
20779	0.0
20780	0.0
20781	0.0
20782	0.0
20783	0.0
20784	29.400000000000002
20785	88.2
20786	196.0
20787	392.0
20788	548.8000000000001
20789	519.4000000000001
20790	313.6
20791	294.0
20792	245.00000000000003
20793	147.0
20794	117.60000000000001
20795	78.4
20796	68.60000000000001
20798	29.400000000000002
20800	9.8
20801	0.0
20802	0.0
20803	0.0
20804	0.0
20805	0.0
20806	0.0
20807	0.0
20808	29.400000000000002
20809	88.2
20810	186.20000000000002
20811	372.40000000000003
20812	548.8000000000001
20813	597.8000000000001
20814	539.0
20815	441.00000000000006
20816	411.6
20817	284.20000000000005
20818	196.0
20819	127.4
20820	78.4
20821	58.800000000000004
20822	78.4
20823	29.400000000000002
20824	9.8
20825	0.0
20826	0.0
20827	0.0
20828	0.0
20829	0.0
20830	0.0
20831	0.0
20832	9.8
20833	19.6
20834	58.800000000000004
20835	107.80000000000001
20836	225.4
20837	294.0
20838	362.6
20839	627.2
20840	254.8
20841	343.0
20842	284.20000000000005
20843	205.8
20844	284.20000000000005
20845	176.4
20846	78.4
20847	39.2
20848	9.8
20849	0.0
20850	0.0
20851	0.0
20852	0.0
20853	0.0
20854	0.0
20855	0.0
20856	9.8
20857	39.2
20858	68.60000000000001
20859	147.0
20860	186.20000000000002
20861	303.8
20862	431.20000000000005
20863	303.8
20864	441.00000000000006
20865	264.6
20866	431.20000000000005
20867	411.6
20868	333.20000000000005
20869	274.40000000000003
20870	137.20000000000002
20871	88.2
20872	19.6
20873	0.0
20874	0.0
20875	0.0
20876	0.0
20877	0.0
20878	0.0
20879	9.8
20880	19.6
20881	39.2
20882	98.0
20883	186.20000000000002
20884	245.00000000000003
20885	431.20000000000005
20886	401.8
20887	617.4000000000001
20888	725.2
20889	774.2
20890	294.0
20892	529.2
20893	284.20000000000005
20894	98.0
20895	19.6
20896	9.8
20897	0.0
20898	0.0
20899	0.0
20900	0.0
20901	0.0
20902	0.0
20903	0.0
20904	9.8
20905	29.400000000000002
20906	49.0
20907	78.4
20908	235.20000000000002
20909	313.6
20910	166.60000000000002
20911	333.20000000000005
20912	470.40000000000003
20913	950.6
20914	774.2
20915	646.8000000000001
20916	499.8
20917	343.0
20918	225.4
20919	98.0
20920	29.400000000000002
20921	9.8
20922	0.0
20923	0.0
20924	0.0
20925	0.0
20926	0.0
20927	9.8
20928	49.0
20929	98.0
20930	196.0
20931	411.6
20932	441.00000000000006
20933	519.4000000000001
20934	548.8000000000001
20935	656.6
20936	823.2
20937	833.0000000000001
20938	754.6
20939	568.4000000000001
20940	401.8
20941	196.0
20942	127.4
20943	58.800000000000004
20944	39.2
20945	0.0
20946	0.0
20947	0.0
20948	0.0
20949	0.0
20950	0.0
20951	9.8
20952	19.6
20953	88.2
20954	156.8
20955	215.60000000000002
20956	529.2
20957	744.8000000000001
20958	852.6
20959	676.2
20960	803.6
20961	921.2
20962	588.0
20963	78.4
20964	29.400000000000002
20965	78.4
20966	58.800000000000004
20967	78.4
20968	19.6
20969	9.8
20970	0.0
20971	0.0
20972	0.0
20973	0.0
20974	0.0
20975	9.8
20976	39.2
20977	88.2
20978	215.60000000000002
20979	401.8
20980	578.2
20981	715.4000000000001
20982	803.6
20983	852.6
20985	558.6
20986	784.0
20987	617.4000000000001
20988	431.20000000000005
20989	372.40000000000003
20990	215.60000000000002
20991	107.80000000000001
20992	29.400000000000002
20993	9.8
20994	0.0
20995	0.0
20996	0.0
20997	0.0
20998	0.0
20999	19.6
21000	58.800000000000004
21001	107.80000000000001
21002	215.60000000000002
21003	392.0
21004	558.6
21005	597.8000000000001
21006	735.0
21007	715.4000000000001
21008	597.8000000000001
21009	617.4000000000001
21010	764.4000000000001
21011	225.4
21013	215.60000000000002
21014	176.4
21015	117.60000000000001
21016	39.2
21017	9.8
21018	0.0
21019	0.0
21020	0.0
21021	0.0
21022	0.0
21023	19.6
21024	39.2
21025	98.0
21026	205.8
21027	411.6
21028	588.0
21029	725.2
21030	764.4000000000001
21031	215.60000000000002
21032	519.4000000000001
21033	744.8000000000001
21034	656.6
21035	646.8000000000001
21036	509.6
21037	362.6
21038	245.00000000000003
21039	127.4
21040	39.2
21041	9.8
21042	0.0
21043	0.0
21044	0.0
21045	0.0
21046	0.0
21047	9.8
21048	49.0
21049	88.2
21050	264.6
21051	313.6
21052	450.8
21053	744.8000000000001
21054	803.6
21055	882.0000000000001
21056	891.8000000000001
21057	872.2
21058	803.6
21059	656.6
21060	499.8
21061	362.6
21062	225.4
21063	78.4
21064	29.400000000000002
21065	9.8
21066	0.0
21067	0.0
21068	0.0
21069	0.0
21070	0.0
21071	9.8
21072	49.0
21073	88.2
21074	254.8
21075	411.6
21076	362.6
21077	352.8
21078	558.6
21079	539.0
21080	509.6
21081	646.8000000000001
21082	803.6
21083	646.8000000000001
21084	509.6
21085	362.6
21086	235.20000000000002
21087	117.60000000000001
21088	39.2
21089	9.8
21090	0.0
21091	0.0
21092	0.0
21093	0.0
21094	0.0
21095	9.8
21096	68.60000000000001
21097	127.4
21098	215.60000000000002
21099	411.6
21100	588.0
21101	735.0
21102	833.0000000000001
21103	891.8000000000001
21104	793.8000000000001
21105	833.0000000000001
21106	784.0
21107	637.0
21108	499.8
21109	352.8
21110	235.20000000000002
21111	117.60000000000001
21112	39.2
21113	9.8
21114	0.0
21115	0.0
21116	0.0
21117	0.0
21118	0.0
21119	9.8
21120	39.2
21121	98.0
21122	215.60000000000002
21123	401.8
21124	578.2
21125	705.6
21126	793.8000000000001
21127	813.4000000000001
21128	872.2
21129	852.6
21130	784.0
21131	597.8000000000001
21132	480.20000000000005
21133	392.0
21134	245.00000000000003
21135	117.60000000000001
21136	58.800000000000004
21137	9.8
21138	0.0
21139	0.0
21140	0.0
21141	0.0
21142	0.0
21143	9.8
21144	39.2
21145	58.800000000000004
21146	78.4
21147	147.0
21148	254.8
21149	588.0
21150	793.8000000000001
21151	842.8000000000001
21152	774.2
21153	676.2
21154	578.2
21155	548.8000000000001
21156	499.8
21157	382.20000000000005
21158	245.00000000000003
21159	117.60000000000001
21160	39.2
21161	9.8
21162	0.0
21163	0.0
21164	0.0
21165	0.0
21166	0.0
21167	9.8
21168	39.2
21169	107.80000000000001
21170	215.60000000000002
21171	411.6
21172	588.0
21173	695.8000000000001
21174	784.0
21175	842.8000000000001
21176	862.4000000000001
21177	833.0000000000001
21178	754.6
21179	617.4000000000001
21180	490.00000000000006
21181	352.8
21182	235.20000000000002
21183	107.80000000000001
21184	49.0
21185	9.8
21186	0.0
21187	0.0
21188	0.0
21189	0.0
21190	0.0
21191	9.8
21192	49.0
21193	98.0
21194	215.60000000000002
21195	401.8
21196	568.4000000000001
21197	686.0
21198	774.2
21199	842.8000000000001
21200	852.6
21201	833.0000000000001
21202	754.6
21203	617.4000000000001
21204	490.00000000000006
21205	352.8
21206	215.60000000000002
21207	117.60000000000001
21208	39.2
21209	9.8
21210	0.0
21211	0.0
21212	0.0
21213	0.0
21214	0.0
21215	9.8
21216	39.2
21217	98.0
21218	215.60000000000002
21219	401.8
21220	568.4000000000001
21221	695.8000000000001
21222	784.0
21223	764.4000000000001
21224	754.6
21225	695.8000000000001
21226	627.2
21227	411.6
21228	470.40000000000003
21229	372.40000000000003
21230	245.00000000000003
21231	127.4
21232	29.400000000000002
21233	9.8
21234	0.0
21235	0.0
21236	0.0
21237	0.0
21238	0.0
21239	9.8
21240	49.0
21241	98.0
21242	215.60000000000002
21243	401.8
21244	568.4000000000001
21245	686.0
21246	774.2
21247	833.0000000000001
21248	842.8000000000001
21249	823.2
21250	754.6
21251	617.4000000000001
21252	490.00000000000006
21253	343.0
21254	235.20000000000002
21255	117.60000000000001
21256	39.2
21257	19.6
21258	0.0
21259	0.0
21260	0.0
21261	0.0
21262	0.0
21263	9.8
21264	68.60000000000001
21265	127.4
21267	186.20000000000002
21268	294.0
21269	303.8
21270	460.6
21271	784.0
21272	852.6
21273	803.6
21274	754.6
21275	539.0
21276	421.40000000000003
21277	362.6
21278	225.4
21279	107.80000000000001
21280	39.2
21281	9.8
21282	0.0
21283	0.0
21284	0.0
21285	0.0
21286	0.0
21287	9.8
21289	39.2
21290	78.4
21291	137.20000000000002
21292	333.20000000000005
21293	352.8
21294	362.6
21295	617.4000000000001
21296	274.40000000000003
21297	382.20000000000005
21298	323.40000000000003
21299	166.60000000000002
21300	186.20000000000002
21301	137.20000000000002
21302	29.400000000000002
21304	19.6
21305	9.8
21306	0.0
21307	0.0
21308	0.0
21309	0.0
21310	0.0
21311	19.6
21312	49.0
21313	107.80000000000001
21314	186.20000000000002
21315	303.8
21316	539.0
21317	558.6
21318	627.2
21319	774.2
21320	754.6
21321	882.0000000000001
21322	823.2
21323	656.6
21324	529.2
21325	372.40000000000003
21326	254.8
21327	127.4
21328	39.2
21329	9.8
21330	0.0
21331	0.0
21332	0.0
21333	0.0
21334	0.0
21335	29.400000000000002
21336	78.4
21337	107.80000000000001
21338	205.8
21339	352.8
21340	392.0
21341	529.2
21342	323.40000000000003
21343	372.40000000000003
21344	323.40000000000003
21345	646.8000000000001
21346	715.4000000000001
21347	509.6
21348	431.20000000000005
21349	235.20000000000002
21350	176.4
21351	88.2
21352	49.0
21353	19.6
21354	0.0
21355	0.0
21356	0.0
21357	0.0
21358	0.0
21359	19.6
21360	49.0
21361	117.60000000000001
21362	225.4
21363	411.6
21364	578.2
21365	715.4000000000001
21366	813.4000000000001
21367	862.4000000000001
21368	872.2
21369	842.8000000000001
21370	774.2
21371	646.8000000000001
21372	509.6
21373	362.6
21374	254.8
21375	117.60000000000001
21376	49.0
21377	9.8
21378	0.0
21379	0.0
21380	0.0
21381	0.0
21382	9.8
21383	29.400000000000002
21384	49.0
21385	98.0
21386	225.4
21387	411.6
21388	529.2
21389	676.2
21390	578.2
21391	558.6
21392	627.2
21393	637.0
21394	715.4000000000001
21395	627.2
21396	411.6
21397	333.20000000000005
21398	127.4
21399	78.4
21400	49.0
21401	19.6
21402	0.0
21403	0.0
21404	0.0
21405	0.0
21406	9.8
21407	39.2
21408	68.60000000000001
21409	107.80000000000001
21410	186.20000000000002
21411	362.6
21412	421.40000000000003
21414	362.6
21415	499.8
21416	186.20000000000002
21417	107.80000000000001
21418	127.4
21419	107.80000000000001
21420	88.2
21422	98.0
21423	9.8
21425	0.0
21426	0.0
21427	0.0
21428	0.0
21429	0.0
21430	0.0
21431	19.6
21432	29.400000000000002
21433	98.0
21434	147.0
21435	205.8
21436	382.20000000000005
21437	274.40000000000003
21438	401.8
21439	715.4000000000001
21440	803.6
21441	421.40000000000003
21442	235.20000000000002
21443	137.20000000000002
21444	254.8
21445	313.6
21446	147.0
21447	78.4
21448	49.0
21449	9.8
21450	0.0
21451	0.0
21452	0.0
21453	0.0
21454	0.0
21455	9.8
21456	29.400000000000002
21457	49.0
21458	68.60000000000001
21459	137.20000000000002
21460	88.2
21461	166.60000000000002
21462	215.60000000000002
21463	303.8
21464	245.00000000000003
21465	205.8
21466	196.0
21467	254.8
21468	166.60000000000002
21469	117.60000000000001
21470	78.4
21471	49.0
21472	29.400000000000002
21473	9.8
21474	0.0
21475	0.0
21476	0.0
21477	0.0
21478	0.0
21479	9.8
21480	19.6
21481	29.400000000000002
21482	88.2
21483	264.6
21484	470.40000000000003
21485	558.6
21486	666.4000000000001
21487	656.6
21488	666.4000000000001
21489	352.8
21490	196.0
21491	117.60000000000001
21492	166.60000000000002
21493	88.2
21494	68.60000000000001
21495	127.4
21496	49.0
21497	29.400000000000002
21498	0.0
21499	0.0
21500	0.0
21501	0.0
21502	0.0
21503	9.8
21504	39.2
21505	58.800000000000004
21506	88.2
21507	117.60000000000001
21508	196.0
21509	362.6
21510	401.8
21511	254.8
21512	186.20000000000002
21513	215.60000000000002
21514	362.6
21515	313.6
21516	294.0
21517	333.20000000000005
21518	196.0
21519	98.0
21520	49.0
21521	19.6
21522	0.0
21523	0.0
21524	0.0
21525	0.0
21526	0.0
21527	19.6
21528	39.2
21529	88.2
21530	225.4
21531	372.40000000000003
21532	431.20000000000005
21533	558.6
21534	578.2
21535	627.2
21536	578.2
21537	656.6
21538	676.2
21539	519.4000000000001
21540	490.00000000000006
21541	274.40000000000003
21542	88.2
21543	49.0
21544	39.2
21545	0.0
21546	0.0
21547	0.0
21548	0.0
21549	0.0
21550	0.0
21551	19.6
21552	29.400000000000002
21553	88.2
21554	205.8
21555	274.40000000000003
21556	656.6
21557	539.0
21558	744.8000000000001
21559	499.8
21560	382.20000000000005
21561	323.40000000000003
21562	441.00000000000006
21563	127.4
21564	372.40000000000003
21565	88.2
21566	29.400000000000002
21567	9.8
21568	0.0
21569	0.0
21570	0.0
21571	0.0
21572	0.0
21573	0.0
21574	0.0
21575	9.8
21576	19.6
21577	9.8
21578	19.6
21579	29.400000000000002
21580	49.0
21581	107.80000000000001
21582	117.60000000000001
21583	137.20000000000002
21584	176.4
21585	274.40000000000003
21586	254.8
21587	303.8
21588	392.0
21589	294.0
21590	156.8
21591	166.60000000000002
21592	68.60000000000001
21593	29.400000000000002
21594	9.8
21595	0.0
21596	0.0
21597	0.0
21598	0.0
21599	9.8
21600	49.0
21601	58.800000000000004
21602	98.0
21603	147.0
21604	284.20000000000005
21605	421.40000000000003
21606	294.0
21607	313.6
21608	156.8
21609	137.20000000000002
21610	176.4
21611	156.8
21612	137.20000000000002
21613	166.60000000000002
21614	137.20000000000002
21615	88.2
21616	68.60000000000001
21617	9.8
21618	0.0
21619	0.0
21620	0.0
21621	0.0
21622	0.0
21623	19.6
21624	49.0
21625	107.80000000000001
21626	176.4
21627	343.0
21628	294.0
21629	646.8000000000001
21630	529.2
21631	911.4000000000001
21633	656.6
21634	431.20000000000005
21635	372.40000000000003
21636	186.20000000000002
21637	68.60000000000001
21638	78.4
21639	29.400000000000002
21640	9.8
21641	0.0
21642	0.0
21643	0.0
21644	0.0
21645	0.0
21646	0.0
21647	0.0
21648	9.8
21649	29.400000000000002
21650	127.4
21651	156.8
21652	254.8
21653	333.20000000000005
21654	323.40000000000003
21655	382.20000000000005
21656	362.6
21657	303.8
21658	186.20000000000002
21659	215.60000000000002
21660	117.60000000000001
21661	166.60000000000002
21662	186.20000000000002
21663	68.60000000000001
21664	19.6
21665	9.8
21666	0.0
21667	0.0
21668	0.0
21669	0.0
21670	0.0
21671	9.8
21672	58.800000000000004
21673	78.4
21674	137.20000000000002
21675	264.6
21676	323.40000000000003
21677	343.0
21678	392.0
21679	725.2
21680	882.0000000000001
21681	803.6
21682	764.4000000000001
21683	686.0
21684	558.6
21685	401.8
21686	284.20000000000005
21687	147.0
21688	58.800000000000004
21689	19.6
21690	0.0
21691	0.0
21692	0.0
21693	0.0
21694	0.0
21695	19.6
21696	49.0
21697	107.80000000000001
21698	235.20000000000002
21699	421.40000000000003
21700	588.0
21701	725.2
21702	823.2
21703	882.0000000000001
21704	901.6
21705	882.0000000000001
21706	695.8000000000001
21707	323.40000000000003
21708	205.8
21709	127.4
21710	98.0
21711	78.4
21712	29.400000000000002
21713	9.8
21714	0.0
21715	0.0
21716	0.0
21717	0.0
21718	0.0
21719	9.8
21720	39.2
21721	78.4
21722	117.60000000000001
21723	156.8
21724	323.40000000000003
21725	411.6
21726	431.20000000000005
21727	539.0
21728	695.8000000000001
21729	509.6
21730	372.40000000000003
21731	352.8
21732	107.80000000000001
21733	68.60000000000001
21734	29.400000000000002
21735	19.6
21736	9.8
21737	0.0
21738	0.0
21739	0.0
21740	0.0
21741	0.0
21742	0.0
21743	0.0
21744	9.8
21745	19.6
21746	29.400000000000002
21747	107.80000000000001
21748	196.0
21749	294.0
21751	441.00000000000006
21752	617.4000000000001
21754	264.6
21755	274.40000000000003
21756	254.8
21757	176.4
21758	78.4
21759	58.800000000000004
21761	0.0
21762	0.0
21763	0.0
21764	0.0
21765	0.0
21766	0.0
21767	19.6
21768	39.2
21769	78.4
21770	127.4
21771	274.40000000000003
21772	362.6
21773	529.2
21774	558.6
21775	695.8000000000001
21776	392.0
21777	666.4000000000001
21778	744.8000000000001
21779	470.40000000000003
21780	401.8
21781	215.60000000000002
21782	147.0
21783	39.2
21785	9.8
21786	0.0
21787	0.0
21788	0.0
21789	0.0
21790	0.0
21791	19.6
21792	49.0
21794	117.60000000000001
21795	147.0
21796	303.8
21797	568.4000000000001
21798	774.2
21799	705.6
21800	735.0
21801	774.2
21802	744.8000000000001
21803	421.40000000000003
21804	274.40000000000003
21805	78.4
21806	39.2
21807	29.400000000000002
21808	9.8
21809	0.0
21810	0.0
21811	0.0
21812	0.0
21813	0.0
21814	0.0
21815	9.8
21816	39.2
21817	117.60000000000001
21818	205.8
21819	186.20000000000002
21820	235.20000000000002
21821	421.40000000000003
21822	646.8000000000001
21823	725.2
21824	646.8000000000001
21825	421.40000000000003
21826	352.8
21827	323.40000000000003
21828	372.40000000000003
21829	235.20000000000002
21830	147.0
21831	98.0
21832	29.400000000000002
21833	9.8
21834	0.0
21835	0.0
21836	0.0
21837	0.0
21838	0.0
21839	0.0
21840	0.0
21841	9.8
21842	19.6
21843	29.400000000000002
21844	49.0
21845	98.0
21846	127.4
21847	205.8
21848	235.20000000000002
21849	215.60000000000002
21850	147.0
21851	127.4
21852	215.60000000000002
21853	323.40000000000003
21854	225.4
21855	88.2
21856	39.2
21857	9.8
21858	0.0
21859	0.0
21860	0.0
21861	0.0
21862	0.0
21863	19.6
21864	58.800000000000004
21865	176.4
21866	205.8
21867	470.40000000000003
21868	431.20000000000005
21869	539.0
21870	686.0
21871	833.0000000000001
21872	882.0000000000001
21874	823.2
21875	666.4000000000001
21876	548.8000000000001
21877	382.20000000000005
21878	274.40000000000003
21879	147.0
21880	58.800000000000004
21881	19.6
21882	0.0
21883	0.0
21884	0.0
21885	0.0
21886	0.0
21887	9.8
21888	49.0
21889	98.0
21890	225.4
21891	411.6
21892	578.2
21893	715.4000000000001
21894	803.6
21895	862.4000000000001
21896	882.0000000000001
21897	862.4000000000001
21898	793.8000000000001
21899	666.4000000000001
21900	529.2
21901	382.20000000000005
21902	264.6
21903	137.20000000000002
21904	49.0
21905	9.8
21906	0.0
21907	0.0
21908	0.0
21909	0.0
21910	0.0
21911	9.8
21912	49.0
21913	98.0
21914	215.60000000000002
21915	401.8
21916	568.4000000000001
21917	695.8000000000001
21918	793.8000000000001
21919	852.6
21921	813.4000000000001
21922	784.0
21923	627.2
21924	490.00000000000006
21925	323.40000000000003
21926	215.60000000000002
21927	107.80000000000001
21928	49.0
21929	19.6
21930	0.0
21931	0.0
21932	0.0
21933	0.0
21934	0.0
21935	9.8
21936	49.0
21937	98.0
21938	215.60000000000002
21939	401.8
21940	568.4000000000001
21941	695.8000000000001
21942	784.0
21943	842.8000000000001
21944	852.6
21945	833.0000000000001
21946	774.2
21947	627.2
21948	509.6
21949	362.6
21950	254.8
21951	137.20000000000002
21952	49.0
21953	9.8
21954	0.0
21955	0.0
21956	0.0
21957	0.0
21958	0.0
21959	19.6
21960	58.800000000000004
21961	107.80000000000001
21962	215.60000000000002
21963	333.20000000000005
21964	597.8000000000001
21965	617.4000000000001
21966	725.2
21967	803.6
21968	862.4000000000001
21969	490.00000000000006
21970	823.2
21971	617.4000000000001
21972	372.40000000000003
21973	186.20000000000002
21974	205.8
21975	117.60000000000001
21976	49.0
21977	9.8
21978	0.0
21979	0.0
21980	0.0
21981	0.0
21982	0.0
21983	9.8
21984	39.2
21985	68.60000000000001
21986	156.8
21987	362.6
21988	431.20000000000005
21989	382.20000000000005
21990	421.40000000000003
21991	499.8
21992	323.40000000000003
21993	362.6
21994	352.8
21995	627.2
21996	313.6
21997	372.40000000000003
21998	205.8
21999	58.800000000000004
22000	39.2
22001	9.8
22002	0.0
22003	0.0
22004	0.0
22005	0.0
22006	0.0
22007	19.6
22008	39.2
22009	88.2
22010	107.80000000000001
22011	98.0
22012	156.8
22013	343.0
22014	372.40000000000003
22016	303.8
22017	225.4
22018	401.8
22019	352.8
22020	98.0
22021	245.00000000000003
22022	274.40000000000003
22023	137.20000000000002
22024	49.0
22025	9.8
22026	0.0
22027	0.0
22028	0.0
22029	0.0
22030	0.0
22031	19.6
22032	39.2
22033	68.60000000000001
22034	88.2
22035	107.80000000000001
22036	156.8
22037	352.8
22038	401.8
22039	519.4000000000001
22040	548.8000000000001
22041	490.00000000000006
22042	519.4000000000001
22043	372.40000000000003
22044	499.8
22045	127.4
22046	68.60000000000001
22047	117.60000000000001
22048	68.60000000000001
22049	9.8
22050	0.0
22051	0.0
22052	0.0
22053	0.0
22054	0.0
22055	0.0
22056	29.400000000000002
22057	78.4
22058	156.8
22059	235.20000000000002
22060	441.00000000000006
22061	676.2
22062	548.8000000000001
22063	225.4
22064	254.8
22065	470.40000000000003
22066	401.8
22067	539.0
22068	411.6
22069	127.4
22070	215.60000000000002
22071	176.4
22072	107.80000000000001
22073	29.400000000000002
22074	0.0
22075	0.0
22076	0.0
22077	0.0
22078	0.0
22079	9.8
22080	39.2
22081	88.2
22082	196.0
22083	372.40000000000003
22084	519.4000000000001
22085	568.4000000000001
22086	646.8000000000001
22087	833.0000000000001
22088	882.0000000000001
22089	833.0000000000001
22090	764.4000000000001
22091	597.8000000000001
22092	499.8
22093	294.0
22094	196.0
22095	88.2
22096	39.2
22097	9.8
22098	0.0
22099	0.0
22100	0.0
22101	0.0
22102	0.0
22103	9.8
22104	39.2
22105	107.80000000000001
22106	196.0
22107	205.8
22108	254.8
22109	333.20000000000005
22110	392.0
22111	264.6
22112	117.60000000000001
22113	107.80000000000001
22114	117.60000000000001
22115	78.4
22116	127.4
22117	58.800000000000004
22118	49.0
22119	68.60000000000001
22120	19.6
22122	0.0
22123	0.0
22124	0.0
22125	0.0
22126	0.0
22127	0.0
22128	9.8
22129	19.6
22131	39.2
22133	107.80000000000001
22134	176.4
22135	137.20000000000002
22136	98.0
22137	205.8
22138	294.0
22139	117.60000000000001
22140	186.20000000000002
22141	117.60000000000001
22142	78.4
22143	29.400000000000002
22144	9.8
22145	0.0
22146	0.0
22147	0.0
22148	0.0
22149	0.0
22150	0.0
22151	9.8
22152	39.2
22153	98.0
22154	166.60000000000002
22155	323.40000000000003
22156	401.8
22157	656.6
22158	774.2
22159	823.2
22160	852.6
22161	823.2
22162	764.4000000000001
22163	637.0
22164	499.8
22165	343.0
22166	235.20000000000002
22167	127.4
22168	49.0
22169	9.8
22170	0.0
22171	0.0
22172	0.0
22173	0.0
22174	0.0
22175	19.6
22176	49.0
22177	98.0
22178	196.0
22179	323.40000000000003
22180	421.40000000000003
22181	539.0
22182	735.0
22183	637.0
22184	597.8000000000001
22185	637.0
22186	627.2
22187	607.6
22188	499.8
22189	352.8
22190	245.00000000000003
22191	127.4
22192	39.2
22193	9.8
22194	0.0
22195	0.0
22196	0.0
22197	0.0
22198	0.0
22199	9.8
22200	39.2
22201	88.2
22202	117.60000000000001
22203	107.80000000000001
22204	245.00000000000003
22205	372.40000000000003
22206	362.6
22207	803.6
22208	676.2
22209	372.40000000000003
22210	323.40000000000003
22211	284.20000000000005
22212	499.8
22213	215.60000000000002
22214	137.20000000000002
22215	39.2
22216	19.6
22217	0.0
22218	0.0
22219	0.0
22220	0.0
22221	0.0
22222	0.0
22223	0.0
22224	0.0
22225	9.8
22226	29.400000000000002
22227	107.80000000000001
22228	303.8
22229	245.00000000000003
22230	215.60000000000002
22231	264.6
22232	382.20000000000005
22233	852.6
22234	460.6
22235	274.40000000000003
22236	372.40000000000003
22237	343.0
22238	264.6
22239	117.60000000000001
22240	29.400000000000002
22241	9.8
22242	0.0
22243	0.0
22244	0.0
22245	0.0
22246	0.0
22247	0.0
22248	9.8
22249	49.0
22250	176.4
22251	294.0
22252	519.4000000000001
22253	499.8
22254	284.20000000000005
22255	215.60000000000002
22256	382.20000000000005
22257	392.0
22258	519.4000000000001
22259	460.6
22260	294.0
22261	205.8
22262	107.80000000000001
22264	39.2
22265	9.8
22266	0.0
22267	0.0
22268	0.0
22269	0.0
22270	0.0
22271	0.0
22272	19.6
22273	49.0
22274	98.0
22276	58.800000000000004
22277	88.2
22278	274.40000000000003
22279	147.0
22280	235.20000000000002
22281	264.6
22282	127.4
22283	49.0
22284	68.60000000000001
22285	19.6
22286	29.400000000000002
22287	58.800000000000004
22288	29.400000000000002
22289	9.8
22290	0.0
22291	0.0
22292	0.0
22293	0.0
22294	0.0
22295	0.0
22296	9.8
22298	78.4
22299	49.0
22300	68.60000000000001
22301	78.4
22302	186.20000000000002
22303	196.0
22304	205.8
22305	176.4
22306	107.80000000000001
22307	166.60000000000002
22308	88.2
22309	147.0
22311	68.60000000000001
22312	19.6
22313	9.8
22314	0.0
22315	0.0
22316	0.0
22317	0.0
22318	0.0
22319	0.0
22320	9.8
22321	19.6
22322	39.2
22323	58.800000000000004
22324	68.60000000000001
22325	137.20000000000002
22326	392.0
22327	343.0
22328	294.0
22330	127.4
22331	166.60000000000002
22333	127.4
22334	58.800000000000004
22335	19.6
22336	0.0
22337	0.0
22338	0.0
22339	0.0
22340	0.0
22341	0.0
22342	0.0
22343	0.0
22344	19.6
22345	39.2
22347	78.4
22348	264.6
22349	470.40000000000003
22350	735.0
22351	676.2
22352	911.4000000000001
22353	588.0
22354	686.0
22355	401.8
22356	294.0
22357	254.8
22358	127.4
22359	88.2
22360	19.6
22361	0.0
22362	0.0
22363	0.0
22364	0.0
22365	0.0
22366	0.0
22367	0.0
22368	39.2
22369	88.2
22370	166.60000000000002
22371	196.0
22372	235.20000000000002
22373	303.8
22374	509.6
22375	725.2
22376	774.2
22377	725.2
22378	529.2
22379	637.0
22380	509.6
22381	245.00000000000003
22382	68.60000000000001
22383	39.2
22384	9.8
22385	0.0
22386	0.0
22387	0.0
22388	0.0
22389	0.0
22390	0.0
22391	0.0
22392	9.8
22393	19.6
22394	39.2
22396	49.0
22397	58.800000000000004
22398	78.4
22399	176.4
22400	264.6
22401	284.20000000000005
22402	186.20000000000002
22403	137.20000000000002
22404	127.4
22405	137.20000000000002
22406	49.0
22407	29.400000000000002
22408	9.8
22409	0.0
22410	0.0
22411	0.0
22412	0.0
22413	0.0
22414	0.0
22415	0.0
22416	9.8
22417	29.400000000000002
22418	58.800000000000004
22419	88.2
22420	137.20000000000002
22421	254.8
22422	421.40000000000003
22423	568.4000000000001
22424	803.6
22425	774.2
22426	715.4000000000001
22427	588.0
22428	470.40000000000003
22429	323.40000000000003
22430	215.60000000000002
22431	107.80000000000001
22432	29.400000000000002
22433	9.8
22434	0.0
22435	0.0
22436	0.0
22437	0.0
22438	0.0
22439	0.0
22440	29.400000000000002
22441	68.60000000000001
22442	166.60000000000002
22443	313.6
22444	490.00000000000006
22445	617.4000000000001
22446	725.2
22447	784.0
22448	803.6
22449	784.0
22450	725.2
22451	597.8000000000001
22452	470.40000000000003
22453	323.40000000000003
22454	205.8
22455	98.0
22456	39.2
22457	0.0
22458	0.0
22459	0.0
22460	0.0
22461	0.0
22462	0.0
22463	0.0
22464	29.400000000000002
22465	68.60000000000001
22466	156.8
22467	303.8
22468	460.6
22469	607.6
22470	705.6
22471	774.2
22472	784.0
22473	764.4000000000001
22474	695.8000000000001
22475	539.0
22476	470.40000000000003
22477	323.40000000000003
22478	225.4
22479	98.0
22480	29.400000000000002
22481	0.0
22482	0.0
22483	0.0
22484	0.0
22485	0.0
22486	0.0
22487	0.0
22488	29.400000000000002
22489	68.60000000000001
22490	156.8
22491	303.8
22492	470.40000000000003
22493	607.6
22494	705.6
22495	764.4000000000001
22496	784.0
22497	774.2
22498	617.4000000000001
22499	460.6
22500	343.0
22501	284.20000000000005
22502	205.8
22503	58.800000000000004
22504	29.400000000000002
22505	0.0
22506	0.0
22507	0.0
22508	0.0
22509	0.0
22510	0.0
22511	0.0
22512	19.6
22513	58.800000000000004
22514	107.80000000000001
22515	254.8
22516	431.20000000000005
22517	568.4000000000001
22518	646.8000000000001
22519	460.6
22520	519.4000000000001
22521	352.8
22522	176.4
22523	352.8
22524	186.20000000000002
22525	107.80000000000001
22526	29.400000000000002
22529	0.0
22530	0.0
22531	0.0
22532	0.0
22533	0.0
22534	0.0
22535	9.8
22536	39.2
22537	107.80000000000001
22538	166.60000000000002
22539	284.20000000000005
22540	431.20000000000005
22541	568.4000000000001
22542	441.00000000000006
22543	597.8000000000001
22544	803.6
22545	421.40000000000003
22546	460.6
22547	548.8000000000001
22548	254.8
22549	117.60000000000001
22550	98.0
22551	39.2
22552	19.6
22553	0.0
22554	0.0
22555	0.0
22556	0.0
22557	0.0
22558	0.0
22559	9.8
22560	39.2
22561	88.2
22562	156.8
22563	235.20000000000002
22565	646.8000000000001
22566	695.8000000000001
22567	754.6
22568	784.0
22569	705.6
22570	411.6
22571	117.60000000000001
22572	225.4
22573	196.0
22574	107.80000000000001
22575	78.4
22576	39.2
22577	9.8
22578	0.0
22579	0.0
22580	0.0
22581	0.0
22582	0.0
22583	0.0
22584	9.8
22585	29.400000000000002
22586	58.800000000000004
22587	117.60000000000001
22588	127.4
22589	156.8
22590	254.8
22591	225.4
22592	245.00000000000003
22593	284.20000000000005
22594	313.6
22595	284.20000000000005
22596	196.0
22597	156.8
22598	78.4
22599	39.2
22600	19.6
22601	0.0
22602	0.0
22603	0.0
22604	0.0
22605	0.0
22606	0.0
22607	0.0
22608	9.8
22609	39.2
22610	98.0
22611	127.4
22612	176.4
22613	382.20000000000005
22614	323.40000000000003
22615	499.8
22616	441.00000000000006
22617	372.40000000000003
22618	333.20000000000005
22619	323.40000000000003
22620	235.20000000000002
22621	166.60000000000002
22622	117.60000000000001
22623	58.800000000000004
22624	19.6
22625	0.0
22626	0.0
22627	0.0
22628	0.0
22629	0.0
22630	0.0
22631	0.0
22632	9.8
22633	49.0
22634	88.2
22635	147.0
22636	274.40000000000003
22637	245.00000000000003
22638	401.8
22639	333.20000000000005
22640	519.4000000000001
22641	676.2
22642	764.4000000000001
22643	646.8000000000001
22644	490.00000000000006
22645	421.40000000000003
22646	156.8
22647	58.800000000000004
22648	19.6
22649	0.0
22650	0.0
22651	0.0
22652	0.0
22653	0.0
22654	0.0
22655	0.0
22656	9.8
22657	58.800000000000004
22658	98.0
22659	254.8
22660	401.8
22661	617.4000000000001
22662	450.8
22663	784.0
22664	774.2
22665	460.6
22666	627.2
22667	215.60000000000002
22668	313.6
22669	323.40000000000003
22670	205.8
22671	78.4
22672	19.6
22673	0.0
22674	0.0
22675	0.0
22676	0.0
22677	0.0
22678	0.0
22679	0.0
22680	9.8
22681	49.0
22682	117.60000000000001
22683	205.8
22684	372.40000000000003
22685	274.40000000000003
22686	480.20000000000005
22687	382.20000000000005
22688	313.6
22689	480.20000000000005
22690	519.4000000000001
22691	362.6
22692	343.0
22693	205.8
22694	107.80000000000001
22695	88.2
22696	19.6
22697	0.0
22698	0.0
22699	0.0
22700	0.0
22701	0.0
22702	0.0
22703	0.0
22704	9.8
22705	78.4
22706	147.0
22707	215.60000000000002
22708	450.8
22709	617.4000000000001
22710	588.0
22711	627.2
22712	774.2
22713	666.4000000000001
22714	548.8000000000001
22715	392.0
22716	343.0
22717	196.0
22718	88.2
22719	58.800000000000004
22720	9.8
22721	0.0
22722	0.0
22723	0.0
22724	0.0
22725	0.0
22726	0.0
22727	0.0
22728	9.8
22729	49.0
22730	156.8
22731	225.4
22732	421.40000000000003
22733	578.2
22734	627.2
22735	695.8000000000001
22736	627.2
22737	676.2
22738	196.0
22739	499.8
22740	235.20000000000002
22741	49.0
22742	0.0
22743	29.400000000000002
22744	9.8
22745	0.0
22746	0.0
22747	0.0
22748	0.0
22749	0.0
22750	0.0
22751	0.0
22752	9.8
22753	49.0
22754	137.20000000000002
22755	284.20000000000005
22756	411.6
22757	578.2
22758	666.4000000000001
22759	637.0
22760	431.20000000000005
22761	597.8000000000001
22762	637.0
22763	519.4000000000001
22764	392.0
22765	294.0
22766	78.4
22767	29.400000000000002
22768	9.8
22769	0.0
22770	0.0
22771	0.0
22772	0.0
22773	0.0
22774	0.0
22775	0.0
22776	9.8
22777	68.60000000000001
22778	156.8
22779	323.40000000000003
22780	411.6
22781	392.0
22782	529.2
22783	480.20000000000005
22784	499.8
22785	705.6
22786	499.8
22787	480.20000000000005
22788	431.20000000000005
22789	196.0
22790	156.8
22791	49.0
22792	9.8
22793	0.0
22794	0.0
22795	0.0
22796	0.0
22797	0.0
22798	0.0
22799	0.0
22800	0.0
22801	9.8
22802	19.6
22804	49.0
22805	117.60000000000001
22806	215.60000000000002
22807	294.0
22808	254.8
22809	607.6
22810	372.40000000000003
22811	548.8000000000001
22812	313.6
22813	186.20000000000002
22814	166.60000000000002
22815	58.800000000000004
22816	9.8
22817	0.0
22818	0.0
22819	0.0
22820	0.0
22821	0.0
22822	0.0
22823	0.0
22824	0.0
22825	19.6
22826	39.2
22827	58.800000000000004
22828	98.0
22829	137.20000000000002
22830	196.0
22831	548.8000000000001
22832	754.6
22833	744.8000000000001
22834	646.8000000000001
22835	499.8
22836	382.20000000000005
22837	284.20000000000005
22838	176.4
22839	58.800000000000004
22840	9.8
22841	0.0
22842	0.0
22843	0.0
22844	0.0
22845	0.0
22846	0.0
22847	0.0
22848	9.8
22849	39.2
22850	117.60000000000001
22851	254.8
22852	401.8
22853	558.6
22854	666.4000000000001
22855	715.4000000000001
22856	744.8000000000001
22857	735.0
22858	401.8
22859	176.4
22860	186.20000000000002
22861	196.0
22862	205.8
22863	78.4
22864	19.6
22865	0.0
22866	0.0
22867	0.0
22868	0.0
22869	0.0
22870	0.0
22871	0.0
22872	9.8
22873	39.2
22874	78.4
22875	117.60000000000001
22876	196.0
22877	235.20000000000002
22878	392.0
22879	705.6
22880	754.6
22881	725.2
22882	646.8000000000001
22883	509.6
22884	372.40000000000003
22885	254.8
22886	147.0
22887	49.0
22888	9.8
22889	0.0
22890	0.0
22891	0.0
22892	0.0
22893	0.0
22894	0.0
22895	0.0
22896	9.8
22897	29.400000000000002
22898	88.2
22899	137.20000000000002
22900	117.60000000000001
22901	205.8
22902	372.40000000000003
22903	695.8000000000001
22904	735.0
22905	705.6
22906	617.4000000000001
22907	470.40000000000003
22908	137.20000000000002
22909	39.2
22910	78.4
22911	29.400000000000002
22912	0.0
22913	0.0
22914	0.0
22915	0.0
22916	0.0
22917	0.0
22918	0.0
22919	0.0
22920	9.8
22921	29.400000000000002
22922	58.800000000000004
22923	117.60000000000001
22924	176.4
22925	186.20000000000002
22926	254.8
22927	323.40000000000003
22928	470.40000000000003
22929	421.40000000000003
22930	490.00000000000006
22931	235.20000000000002
22932	176.4
22933	107.80000000000001
22934	29.400000000000002
22935	19.6
22936	0.0
22937	0.0
22938	0.0
22939	0.0
22940	0.0
22941	0.0
22942	0.0
22943	0.0
22944	0.0
22945	0.0
22946	29.400000000000002
22947	49.0
22949	39.2
22950	78.4
22951	127.4
22952	78.4
22953	107.80000000000001
22954	68.60000000000001
22955	39.2
22956	29.400000000000002
22957	19.6
22958	9.8
22960	0.0
22961	0.0
22962	0.0
22963	0.0
22964	0.0
22965	0.0
22966	0.0
22967	0.0
22968	0.0
22969	0.0
22970	9.8
22971	39.2
22972	127.4
22973	107.80000000000001
22975	147.0
22976	245.00000000000003
22977	215.60000000000002
22978	127.4
22979	78.4
22981	49.0
22982	19.6
22983	9.8
22984	0.0
22985	0.0
22986	0.0
22987	0.0
22988	0.0
22989	0.0
22990	0.0
22991	0.0
22992	0.0
22993	9.8
22994	58.800000000000004
22995	127.4
22996	205.8
22997	166.60000000000002
22998	264.6
22999	637.0
23000	529.2
23001	490.00000000000006
23002	274.40000000000003
23003	205.8
23004	156.8
23005	58.800000000000004
23006	49.0
23007	29.400000000000002
23008	0.0
23009	0.0
23010	0.0
23011	0.0
23012	0.0
23013	0.0
23014	0.0
23015	0.0
23016	0.0
23017	29.400000000000002
23018	98.0
23019	156.8
23020	186.20000000000002
23021	254.8
23022	401.8
23023	205.8
23024	254.8
23025	205.8
23026	215.60000000000002
23027	186.20000000000002
23028	225.4
23029	215.60000000000002
23030	88.2
23031	19.6
23032	0.0
23033	0.0
23034	0.0
23035	0.0
23036	0.0
23037	0.0
23038	0.0
23039	0.0
23040	0.0
23041	9.8
23042	29.400000000000002
23043	78.4
23044	98.0
23045	78.4
23046	137.20000000000002
23047	88.2
23048	98.0
23050	88.2
23051	58.800000000000004
23052	39.2
23053	29.400000000000002
23054	9.8
23055	0.0
23056	0.0
23057	0.0
23058	0.0
23059	0.0
23060	0.0
23061	0.0
23062	0.0
23063	0.0
23064	0.0
23065	0.0
23066	19.6
23067	39.2
23068	137.20000000000002
23069	156.8
23070	196.0
23071	176.4
23072	127.4
23073	343.0
23074	352.8
23075	156.8
23076	235.20000000000002
23077	127.4
23078	78.4
23079	39.2
23080	0.0
23081	0.0
23082	0.0
23083	0.0
23084	0.0
23085	0.0
23086	0.0
23087	0.0
23088	0.0
23089	9.8
23090	19.6
23091	58.800000000000004
23093	68.60000000000001
23094	127.4
23095	147.0
23096	205.8
23097	147.0
23098	205.8
23099	147.0
23100	166.60000000000002
23101	127.4
23102	78.4
23103	9.8
23104	0.0
23105	0.0
23106	0.0
23107	0.0
23108	0.0
23109	0.0
23110	0.0
23111	0.0
23112	0.0
23113	19.6
23114	58.800000000000004
23115	117.60000000000001
23116	284.20000000000005
23117	294.0
23118	382.20000000000005
23119	421.40000000000003
23120	558.6
23121	411.6
23122	637.0
23123	480.20000000000005
23124	333.20000000000005
23125	127.4
23126	78.4
23127	29.400000000000002
23128	0.0
23129	0.0
23130	0.0
23131	0.0
23132	0.0
23133	0.0
23134	0.0
23135	0.0
23136	0.0
23137	9.8
23138	49.0
23139	58.800000000000004
23140	98.0
23141	313.6
23142	421.40000000000003
23143	558.6
23144	421.40000000000003
23145	441.00000000000006
23147	411.6
23148	303.8
23149	166.60000000000002
23150	88.2
23151	19.6
23152	0.0
23153	0.0
23154	0.0
23155	0.0
23156	0.0
23157	0.0
23158	0.0
23159	0.0
23160	0.0
23161	19.6
23162	78.4
23163	166.60000000000002
23164	245.00000000000003
23165	382.20000000000005
23166	519.4000000000001
23167	607.6
23168	656.6
23169	441.00000000000006
23170	372.40000000000003
23171	215.60000000000002
23172	205.8
23173	137.20000000000002
23174	58.800000000000004
23175	9.8
23176	0.0
23177	0.0
23178	0.0
23179	0.0
23180	0.0
23181	0.0
23182	0.0
23183	0.0
23184	0.0
23185	9.8
23186	29.400000000000002
23187	49.0
23188	58.800000000000004
23190	98.0
23191	107.80000000000001
23193	98.0
23194	78.4
23195	58.800000000000004
23196	78.4
23197	29.400000000000002
23198	9.8
23199	0.0
23200	0.0
23201	0.0
23202	0.0
23203	0.0
23204	0.0
23205	0.0
23206	0.0
23207	0.0
23208	0.0
23209	0.0
23210	19.6
23211	107.80000000000001
23212	137.20000000000002
23213	196.0
23214	274.40000000000003
23215	235.20000000000002
23216	176.4
23217	205.8
23218	186.20000000000002
23219	235.20000000000002
23220	127.4
23221	137.20000000000002
23222	58.800000000000004
23223	9.8
23224	0.0
23225	0.0
23226	0.0
23227	0.0
23228	0.0
23229	0.0
23230	0.0
23231	0.0
23232	0.0
23233	19.6
23234	78.4
23235	196.0
23236	215.60000000000002
23237	490.00000000000006
23238	597.8000000000001
23239	646.8000000000001
23240	656.6
23241	627.2
23242	539.0
23243	303.8
23244	274.40000000000003
23245	156.8
23246	68.60000000000001
23247	19.6
23248	0.0
23249	0.0
23250	0.0
23251	0.0
23252	0.0
23253	0.0
23254	0.0
23255	0.0
23256	0.0
23257	9.8
23258	68.60000000000001
23259	186.20000000000002
23260	313.6
23261	450.8
23262	578.2
23263	637.0
23264	646.8000000000001
23265	617.4000000000001
23266	539.0
23267	401.8
23268	264.6
23269	166.60000000000002
23270	68.60000000000001
23271	9.8
23272	0.0
23273	0.0
23274	0.0
23275	0.0
23276	0.0
23277	0.0
23278	0.0
23279	0.0
23280	0.0
23281	9.8
23282	58.800000000000004
23283	176.4
23284	313.6
23285	450.8
23286	568.4000000000001
23287	627.2
23288	637.0
23289	617.4000000000001
23290	529.2
23291	401.8
23292	264.6
23293	156.8
23294	58.800000000000004
23295	9.8
23296	0.0
23297	0.0
23298	0.0
23299	0.0
23300	0.0
23301	0.0
23302	0.0
23303	0.0
23304	0.0
23305	9.8
23306	58.800000000000004
23307	196.0
23308	284.20000000000005
23309	421.40000000000003
23310	539.0
23311	617.4000000000001
23313	597.8000000000001
23314	470.40000000000003
23315	372.40000000000003
23316	264.6
23317	166.60000000000002
23318	58.800000000000004
23319	9.8
23320	0.0
23321	0.0
23322	0.0
23323	0.0
23324	0.0
23325	0.0
23326	0.0
23327	0.0
23328	0.0
23329	9.8
23330	19.6
23331	39.2
23332	58.800000000000004
23333	137.20000000000002
23334	166.60000000000002
23335	254.8
23337	264.6
23338	215.60000000000002
23339	147.0
23340	117.60000000000001
23341	68.60000000000001
23342	29.400000000000002
23343	0.0
23344	0.0
23345	0.0
23346	0.0
23347	0.0
23348	0.0
23349	0.0
23350	0.0
23351	0.0
23352	0.0
23353	9.8
23354	29.400000000000002
23355	68.60000000000001
23356	78.4
23357	98.0
23358	88.2
23359	166.60000000000002
23360	294.0
23361	401.8
23362	411.6
23363	137.20000000000002
23364	205.8
23365	137.20000000000002
23366	49.0
23367	0.0
23368	0.0
23369	0.0
23370	0.0
23371	0.0
23372	0.0
